1,1,3.54094,2.24359
1,2,0,0
1,3,0,0
1,4,0,0
1,5,0,0
1,6,0,0
1,7,0,0
1,8,0,0
1,9,0,0
1,10,0,0
1,11,0,0
1,12,0,0
1,13,0,0
1,14,0,0
1,15,0,0
1,16,0,0
1,17,0,0
1,18,0,0
1,19,0,0
1,20,0,0
1,21,0,0
1,22,0,0
1,23,0,0
1,24,0,0
1,25,0,0
1,26,0,0
1,27,0,0
1,28,0,0
1,29,0,0
1,30,0,0
1,31,0,0
1,32,0,0
1,33,0,0
1,34,0,0
1,35,0,0
1,36,0,0
1,37,0,0
1,38,0,0
1,39,0,0
1,40,0,0
1,41,0,0
1,42,0,0
1,43,0,0
1,44,0,0
1,45,0,0
1,46,0,0
1,47,0,0
1,48,0,0
1,49,0,0
1,50,0,0
1,51,0,0
1,52,0,0
1,53,0,0
1,54,0,0
1,55,0,0
1,56,0,0
1,57,0,0
1,58,0,0
1,59,0,0
1,60,0,0
1,61,0,0
1,62,0,0
1,63,0,0
1,64,0,0
1,65,0,0
1,66,0,0
1,67,0,0
1,68,0,0
1,69,0,0
1,70,0,0
1,71,0,0
1,72,0,0
1,73,0,0
1,74,0,0
1,75,0,0
1,76,0,0
1,77,0,0
1,78,0,0
1,79,0,0
1,80,0,0
1,81,0,0
1,82,0,0
1,83,0,0
2,1,2.98988,2.3712
2,2,3.78356,3.4509
2,3,0,0
2,4,0,0
2,5,0,0
2,6,0,0
2,7,0,0
2,8,0,0
2,9,0,0
2,10,0,0
2,11,0,0
2,12,0,0
2,13,0,0
2,14,0,0
2,15,0,0
2,16,0,0
2,17,0,0
2,18,0,0
2,19,0,0
2,20,0,0
2,21,0,0
2,22,0,0
2,23,0,0
2,24,0,0
2,25,0,0
2,26,0,0
2,27,0,0
2,28,0,0
2,29,0,0
2,30,0,0
2,31,0,0
2,32,0,0
2,33,0,0
2,34,0,0
2,35,0,0
2,36,0,0
2,37,0,0
2,38,0,0
2,39,0,0
2,40,0,0
2,41,0,0
2,42,0,0
2,43,0,0
2,44,0,0
2,45,0,0
2,46,0,0
2,47,0,0
2,48,0,0
2,49,0,0
2,50,0,0
2,51,0,0
2,52,0,0
2,53,0,0
2,54,0,0
2,55,0,0
2,56,0,0
2,57,0,0
2,58,0,0
2,59,0,0
2,60,0,0
2,61,0,0
2,62,0,0
2,63,0,0
2,64,0,0
2,65,0,0
2,66,0,0
2,67,0,0
2,68,0,0
2,69,0,0
2,70,0,0
2,71,0,0
2,72,0,0
2,73,0,0
2,74,0,0
2,75,0,0
2,76,0,0
2,77,0,0
2,78,0,0
2,79,0,0
2,80,0,0
2,81,0,0
2,82,0,0
2,83,0,0
3,1,2.13626,2.19198
3,2,3.1124,9.27368
3,3,4.71467,16.11638
3,4,0,0
3,5,0,0
3,6,0,0
3,7,0,0
3,8,0,0
3,9,0,0
3,10,0,0
3,11,0,0
3,12,0,0
3,13,0,0
3,14,0,0
3,15,0,0
3,16,0,0
3,17,0,0
3,18,0,0
3,19,0,0
3,20,0,0
3,21,0,0
3,22,0,0
3,23,0,0
3,24,0,0
3,25,0,0
3,26,0,0
3,27,0,0
3,28,0,0
3,29,0,0
3,30,0,0
3,31,0,0
3,32,0,0
3,33,0,0
3,34,0,0
3,35,0,0
3,36,0,0
3,37,0,0
3,38,0,0
3,39,0,0
3,40,0,0
3,41,0,0
3,42,0,0
3,43,0,0
3,44,0,0
3,45,0,0
3,46,0,0
3,47,0,0
3,48,0,0
3,49,0,0
3,50,0,0
3,51,0,0
3,52,0,0
3,53,0,0
3,54,0,0
3,55,0,0
3,56,0,0
3,57,0,0
3,58,0,0
3,59,0,0
3,60,0,0
3,61,0,0
3,62,0,0
3,63,0,0
3,64,0,0
3,65,0,0
3,66,0,0
3,67,0,0
3,68,0,0
3,69,0,0
3,70,0,0
3,71,0,0
3,72,0,0
3,73,0,0
3,74,0,0
3,75,0,0
3,76,0,0
3,77,0,0
3,78,0,0
3,79,0,0
3,80,0,0
3,81,0,0
3,82,0,0
3,83,0,0
4,1,2.47542,2.56283
4,2,3.3067,12.54488
4,3,2.23673,3.28716
4,4,1.49991,0.23863
4,5,0,0
4,6,0,0
4,7,0,0
4,8,0,0
4,9,0,0
4,10,0,0
4,11,0,0
4,12,0,0
4,13,0,0
4,14,0,0
4,15,0,0
4,16,0,0
4,17,0,0
4,18,0,0
4,19,0,0
4,20,0,0
4,21,0,0
4,22,0,0
4,23,0,0
4,24,0,0
4,25,0,0
4,26,0,0
4,27,0,0
4,28,0,0
4,29,0,0
4,30,0,0
4,31,0,0
4,32,0,0
4,33,0,0
4,34,0,0
4,35,0,0
4,36,0,0
4,37,0,0
4,38,0,0
4,39,0,0
4,40,0,0
4,41,0,0
4,42,0,0
4,43,0,0
4,44,0,0
4,45,0,0
4,46,0,0
4,47,0,0
4,48,0,0
4,49,0,0
4,50,0,0
4,51,0,0
4,52,0,0
4,53,0,0
4,54,0,0
4,55,0,0
4,56,0,0
4,57,0,0
4,58,0,0
4,59,0,0
4,60,0,0
4,61,0,0
4,62,0,0
4,63,0,0
4,64,0,0
4,65,0,0
4,66,0,0
4,67,0,0
4,68,0,0
4,69,0,0
4,70,0,0
4,71,0,0
4,72,0,0
4,73,0,0
4,74,0,0
4,75,0,0
4,76,0,0
4,77,0,0
4,78,0,0
4,79,0,0
4,80,0,0
4,81,0,0
4,82,0,0
4,83,0,0
5,1,2.61523,1.32139
5,2,3.16314,1.97417
5,3,3.7594,7.88602
5,4,1.889,1.15179
5,5,3.31862,3.59362
5,6,0,0
5,7,0,0
5,8,0,0
5,9,0,0
5,10,0,0
5,11,0,0
5,12,0,0
5,13,0,0
5,14,0,0
5,15,0,0
5,16,0,0
5,17,0,0
5,18,0,0
5,19,0,0
5,20,0,0
5,21,0,0
5,22,0,0
5,23,0,0
5,24,0,0
5,25,0,0
5,26,0,0
5,27,0,0
5,28,0,0
5,29,0,0
5,30,0,0
5,31,0,0
5,32,0,0
5,33,0,0
5,34,0,0
5,35,0,0
5,36,0,0
5,37,0,0
5,38,0,0
5,39,0,0
5,40,0,0
5,41,0,0
5,42,0,0
5,43,0,0
5,44,0,0
5,45,0,0
5,46,0,0
5,47,0,0
5,48,0,0
5,49,0,0
5,50,0,0
5,51,0,0
5,52,0,0
5,53,0,0
5,54,0,0
5,55,0,0
5,56,0,0
5,57,0,0
5,58,0,0
5,59,0,0
5,60,0,0
5,61,0,0
5,62,0,0
5,63,0,0
5,64,0,0
5,65,0,0
5,66,0,0
5,67,0,0
5,68,0,0
5,69,0,0
5,70,0,0
5,71,0,0
5,72,0,0
5,73,0,0
5,74,0,0
5,75,0,0
5,76,0,0
5,77,0,0
5,78,0,0
5,79,0,0
5,80,0,0
5,81,0,0
5,82,0,0
5,83,0,0
6,1,1.02781,0.21651
6,2,3.04271,3.21397
6,3,3.24187,16.18
6,4,4.21288,25.03588
6,5,2.91901,1.87486
6,6,2.61371,0.81351
6,7,0,0
6,8,0,0
6,9,0,0
6,10,0,0
6,11,0,0
6,12,0,0
6,13,0,0
6,14,0,0
6,15,0,0
6,16,0,0
6,17,0,0
6,18,0,0
6,19,0,0
6,20,0,0
6,21,0,0
6,22,0,0
6,23,0,0
6,24,0,0
6,25,0,0
6,26,0,0
6,27,0,0
6,28,0,0
6,29,0,0
6,30,0,0
6,31,0,0
6,32,0,0
6,33,0,0
6,34,0,0
6,35,0,0
6,36,0,0
6,37,0,0
6,38,0,0
6,39,0,0
6,40,0,0
6,41,0,0
6,42,0,0
6,43,0,0
6,44,0,0
6,45,0,0
6,46,0,0
6,47,0,0
6,48,0,0
6,49,0,0
6,50,0,0
6,51,0,0
6,52,0,0
6,53,0,0
6,54,0,0
6,55,0,0
6,56,0,0
6,57,0,0
6,58,0,0
6,59,0,0
6,60,0,0
6,61,0,0
6,62,0,0
6,63,0,0
6,64,0,0
6,65,0,0
6,66,0,0
6,67,0,0
6,68,0,0
6,69,0,0
6,70,0,0
6,71,0,0
6,72,0,0
6,73,0,0
6,74,0,0
6,75,0,0
6,76,0,0
6,77,0,0
6,78,0,0
6,79,0,0
6,80,0,0
6,81,0,0
6,82,0,0
6,83,0,0
7,1,0.96941,0.17551
7,2,2.81434,1.07786
7,3,2.64062,2.8234
7,4,2.58089,1.7406
7,5,2.477,0.95288
7,6,2.68611,0.85995
7,7,2.5745,0.67531
7,8,0,0
7,9,0,0
7,10,0,0
7,11,0,0
7,12,0,0
7,13,0,0
7,14,0,0
7,15,0,0
7,16,0,0
7,17,0,0
7,18,0,0
7,19,0,0
7,20,0,0
7,21,0,0
7,22,0,0
7,23,0,0
7,24,0,0
7,25,0,0
7,26,0,0
7,27,0,0
7,28,0,0
7,29,0,0
7,30,0,0
7,31,0,0
7,32,0,0
7,33,0,0
7,34,0,0
7,35,0,0
7,36,0,0
7,37,0,0
7,38,0,0
7,39,0,0
7,40,0,0
7,41,0,0
7,42,0,0
7,43,0,0
7,44,0,0
7,45,0,0
7,46,0,0
7,47,0,0
7,48,0,0
7,49,0,0
7,50,0,0
7,51,0,0
7,52,0,0
7,53,0,0
7,54,0,0
7,55,0,0
7,56,0,0
7,57,0,0
7,58,0,0
7,59,0,0
7,60,0,0
7,61,0,0
7,62,0,0
7,63,0,0
7,64,0,0
7,65,0,0
7,66,0,0
7,67,0,0
7,68,0,0
7,69,0,0
7,70,0,0
7,71,0,0
7,72,0,0
7,73,0,0
7,74,0,0
7,75,0,0
7,76,0,0
7,77,0,0
7,78,0,0
7,79,0,0
7,80,0,0
7,81,0,0
7,82,0,0
7,83,0,0
8,1,1.26094,0.19229
8,2,3.65377,6.68452
8,3,2.58444,1.9686
8,4,3.05187,3.21815
8,5,2.69535,1.2698
8,6,2.88961,0.99021
8,7,2.78429,0.76476
8,8,2.623998,0.535112
8,9,0,0
8,10,0,0
8,11,0,0
8,12,0,0
8,13,0,0
8,14,0,0
8,15,0,0
8,16,0,0
8,17,0,0
8,18,0,0
8,19,0,0
8,20,0,0
8,21,0,0
8,22,0,0
8,23,0,0
8,24,0,0
8,25,0,0
8,26,0,0
8,27,0,0
8,28,0,0
8,29,0,0
8,30,0,0
8,31,0,0
8,32,0,0
8,33,0,0
8,34,0,0
8,35,0,0
8,36,0,0
8,37,0,0
8,38,0,0
8,39,0,0
8,40,0,0
8,41,0,0
8,42,0,0
8,43,0,0
8,44,0,0
8,45,0,0
8,46,0,0
8,47,0,0
8,48,0,0
8,49,0,0
8,50,0,0
8,51,0,0
8,52,0,0
8,53,0,0
8,54,0,0
8,55,0,0
8,56,0,0
8,57,0,0
8,58,0,0
8,59,0,0
8,60,0,0
8,61,0,0
8,62,0,0
8,63,0,0
8,64,0,0
8,65,0,0
8,66,0,0
8,67,0,0
8,68,0,0
8,69,0,0
8,70,0,0
8,71,0,0
8,72,0,0
8,73,0,0
8,74,0,0
8,75,0,0
8,76,0,0
8,77,0,0
8,78,0,0
8,79,0,0
8,80,0,0
8,81,0,0
8,82,0,0
8,83,0,0
9,1,3.13674,0.8158
9,2,2.85654,0.74511
9,3,3.0439,1.97599
9,4,3.72692,3.88299
9,5,2.82384,0.86276
9,6,3.0276,0.73297
9,7,2.85665,0.63585
9,8,3.01544,0.67425
9,9,3.17576,0.68134
9,10,0,0
9,11,0,0
9,12,0,0
9,13,0,0
9,14,0,0
9,15,0,0
9,16,0,0
9,17,0,0
9,18,0,0
9,19,0,0
9,20,0,0
9,21,0,0
9,22,0,0
9,23,0,0
9,24,0,0
9,25,0,0
9,26,0,0
9,27,0,0
9,28,0,0
9,29,0,0
9,30,0,0
9,31,0,0
9,32,0,0
9,33,0,0
9,34,0,0
9,35,0,0
9,36,0,0
9,37,0,0
9,38,0,0
9,39,0,0
9,40,0,0
9,41,0,0
9,42,0,0
9,43,0,0
9,44,0,0
9,45,0,0
9,46,0,0
9,47,0,0
9,48,0,0
9,49,0,0
9,50,0,0
9,51,0,0
9,52,0,0
9,53,0,0
9,54,0,0
9,55,0,0
9,56,0,0
9,57,0,0
9,58,0,0
9,59,0,0
9,60,0,0
9,61,0,0
9,62,0,0
9,63,0,0
9,64,0,0
9,65,0,0
9,66,0,0
9,67,0,0
9,68,0,0
9,69,0,0
9,70,0,0
9,71,0,0
9,72,0,0
9,73,0,0
9,74,0,0
9,75,0,0
9,76,0,0
9,77,0,0
9,78,0,0
9,79,0,0
9,80,0,0
9,81,0,0
9,82,0,0
9,83,0,0
10,1,5.99968,5.53502
10,2,3.67776,1.96092
10,3,2.19367,0.70496
10,4,1.31659,0.39263
10,5,2.75619,2.76414
10,6,3.44119,5.46878
10,7,4.42637,29.99961
10,8,2.88959,0.7639
10,9,3.67561,2.70675
10,10,3.97457,2.79483
10,11,0,0
10,12,0,0
10,13,0,0
10,14,0,0
10,15,0,0
10,16,0,0
10,17,0,0
10,18,0,0
10,19,0,0
10,20,0,0
10,21,0,0
10,22,0,0
10,23,0,0
10,24,0,0
10,25,0,0
10,26,0,0
10,27,0,0
10,28,0,0
10,29,0,0
10,30,0,0
10,31,0,0
10,32,0,0
10,33,0,0
10,34,0,0
10,35,0,0
10,36,0,0
10,37,0,0
10,38,0,0
10,39,0,0
10,40,0,0
10,41,0,0
10,42,0,0
10,43,0,0
10,44,0,0
10,45,0,0
10,46,0,0
10,47,0,0
10,48,0,0
10,49,0,0
10,50,0,0
10,51,0,0
10,52,0,0
10,53,0,0
10,54,0,0
10,55,0,0
10,56,0,0
10,57,0,0
10,58,0,0
10,59,0,0
10,60,0,0
10,61,0,0
10,62,0,0
10,63,0,0
10,64,0,0
10,65,0,0
10,66,0,0
10,67,0,0
10,68,0,0
10,69,0,0
10,70,0,0
10,71,0,0
10,72,0,0
10,73,0,0
10,74,0,0
10,75,0,0
10,76,0,0
10,77,0,0
10,78,0,0
10,79,0,0
10,80,0,0
10,81,0,0
10,82,0,0
10,83,0,0
11,1,0.50033,0.20783
11,2,1.70303,4.28252
11,3,1.2673,0.88148
11,4,1.25548,3.12162
11,5,1.56996,3.18861
11,6,2.19605,4.52043
11,7,2.49438,8.58639
11,8,1.98145,3.27008
11,9,2.61955,7.04735
11,10,1.77424,1.34304
11,11,0.44644,0.28714
11,12,0,0
11,13,0,0
11,14,0,0
11,15,0,0
11,16,0,0
11,17,0,0
11,18,0,0
11,19,0,0
11,20,0,0
11,21,0,0
11,22,0,0
11,23,0,0
11,24,0,0
11,25,0,0
11,26,0,0
11,27,0,0
11,28,0,0
11,29,0,0
11,30,0,0
11,31,0,0
11,32,0,0
11,33,0,0
11,34,0,0
11,35,0,0
11,36,0,0
11,37,0,0
11,38,0,0
11,39,0,0
11,40,0,0
11,41,0,0
11,42,0,0
11,43,0,0
11,44,0,0
11,45,0,0
11,46,0,0
11,47,0,0
11,48,0,0
11,49,0,0
11,50,0,0
11,51,0,0
11,52,0,0
11,53,0,0
11,54,0,0
11,55,0,0
11,56,0,0
11,57,0,0
11,58,0,0
11,59,0,0
11,60,0,0
11,61,0,0
11,62,0,0
11,63,0,0
11,64,0,0
11,65,0,0
11,66,0,0
11,67,0,0
11,68,0,0
11,69,0,0
11,70,0,0
11,71,0,0
11,72,0,0
11,73,0,0
11,74,0,0
11,75,0,0
11,76,0,0
11,77,0,0
11,78,0,0
11,79,0,0
11,80,0,0
11,81,0,0
11,82,0,0
11,83,0,0
12,1,2.65159,7.75824
12,2,2.2106,3.72585
12,3,1.18438,2.49025
12,4,1.55759,2.06639
12,5,2.52744,6.1467
12,6,3.04095,10.51769
12,7,2.07912,1.20808
12,8,2.25152,1.53573
12,9,3.36221,5.85902
12,10,2.03168,1.21486
12,11,1.50677,8.67562
12,12,1.09357,0.46564
12,13,0,0
12,14,0,0
12,15,0,0
12,16,0,0
12,17,0,0
12,18,0,0
12,19,0,0
12,20,0,0
12,21,0,0
12,22,0,0
12,23,0,0
12,24,0,0
12,25,0,0
12,26,0,0
12,27,0,0
12,28,0,0
12,29,0,0
12,30,0,0
12,31,0,0
12,32,0,0
12,33,0,0
12,34,0,0
12,35,0,0
12,36,0,0
12,37,0,0
12,38,0,0
12,39,0,0
12,40,0,0
12,41,0,0
12,42,0,0
12,43,0,0
12,44,0,0
12,45,0,0
12,46,0,0
12,47,0,0
12,48,0,0
12,49,0,0
12,50,0,0
12,51,0,0
12,52,0,0
12,53,0,0
12,54,0,0
12,55,0,0
12,56,0,0
12,57,0,0
12,58,0,0
12,59,0,0
12,60,0,0
12,61,0,0
12,62,0,0
12,63,0,0
12,64,0,0
12,65,0,0
12,66,0,0
12,67,0,0
12,68,0,0
12,69,0,0
12,70,0,0
12,71,0,0
12,72,0,0
12,73,0,0
12,74,0,0
12,75,0,0
12,76,0,0
12,77,0,0
12,78,0,0
12,79,0,0
12,80,0,0
12,81,0,0
12,82,0,0
12,83,0,0
13,1,2.026,2.95838
13,2,2.25583,2.7014
13,3,1.58159,1.10682
13,4,1.93824,5.03721
13,5,2.05957,2.74148
13,6,2.26744,2.92806
13,7,2.00975,1.3452
13,8,2.49866,2.1314
13,9,3.08426,1.97564
13,10,2.44787,1.7092
13,11,1.20287,2.07185
13,12,1.97253,13.47244
13,13,1.38771,2.1392
13,14,0,0
13,15,0,0
13,16,0,0
13,17,0,0
13,18,0,0
13,19,0,0
13,20,0,0
13,21,0,0
13,22,0,0
13,23,0,0
13,24,0,0
13,25,0,0
13,26,0,0
13,27,0,0
13,28,0,0
13,29,0,0
13,30,0,0
13,31,0,0
13,32,0,0
13,33,0,0
13,34,0,0
13,35,0,0
13,36,0,0
13,37,0,0
13,38,0,0
13,39,0,0
13,40,0,0
13,41,0,0
13,42,0,0
13,43,0,0
13,44,0,0
13,45,0,0
13,46,0,0
13,47,0,0
13,48,0,0
13,49,0,0
13,50,0,0
13,51,0,0
13,52,0,0
13,53,0,0
13,54,0,0
13,55,0,0
13,56,0,0
13,57,0,0
13,58,0,0
13,59,0,0
13,60,0,0
13,61,0,0
13,62,0,0
13,63,0,0
13,64,0,0
13,65,0,0
13,66,0,0
13,67,0,0
13,68,0,0
13,69,0,0
13,70,0,0
13,71,0,0
13,72,0,0
13,73,0,0
13,74,0,0
13,75,0,0
13,76,0,0
13,77,0,0
13,78,0,0
13,79,0,0
13,80,0,0
13,81,0,0
13,82,0,0
13,83,0,0
14,1,1.89695,0.9242
14,2,2.0405,1.85358
14,3,1.78961,3.09079
14,4,1.26313,0.62343
14,5,1.98265,1.02829
14,6,1.9845,0.78575
14,7,1.81899,0.59297
14,8,1.9236,0.75109
14,9,2.13103,0.54352
14,10,2.28778,14.37868
14,11,2.00761,9.23764
14,12,3.13975,29.99452
14,13,1.9,2
14,14,1.329,0.27348
14,15,0,0
14,16,0,0
14,17,0,0
14,18,0,0
14,19,0,0
14,20,0,0
14,21,0,0
14,22,0,0
14,23,0,0
14,24,0,0
14,25,0,0
14,26,0,0
14,27,0,0
14,28,0,0
14,29,0,0
14,30,0,0
14,31,0,0
14,32,0,0
14,33,0,0
14,34,0,0
14,35,0,0
14,36,0,0
14,37,0,0
14,38,0,0
14,39,0,0
14,40,0,0
14,41,0,0
14,42,0,0
14,43,0,0
14,44,0,0
14,45,0,0
14,46,0,0
14,47,0,0
14,48,0,0
14,49,0,0
14,50,0,0
14,51,0,0
14,52,0,0
14,53,0,0
14,54,0,0
14,55,0,0
14,56,0,0
14,57,0,0
14,58,0,0
14,59,0,0
14,60,0,0
14,61,0,0
14,62,0,0
14,63,0,0
14,64,0,0
14,65,0,0
14,66,0,0
14,67,0,0
14,68,0,0
14,69,0,0
14,70,0,0
14,71,0,0
14,72,0,0
14,73,0,0
14,74,0,0
14,75,0,0
14,76,0,0
14,77,0,0
14,78,0,0
14,79,0,0
14,80,0,0
14,81,0,0
14,82,0,0
14,83,0,0
15,1,1.92654,1.23499
15,2,2.09316,1.49022
15,3,1.39454,1.12295
15,4,1.80007,1.68483
15,5,1.92317,1.45089
15,6,1.99465,0.97951
15,7,2.14704,0.97215
15,8,2.22077,0.8787
15,9,2.23436,0.51458
15,10,2.21904,0.77495
15,11,1.50032,2.8371
15,12,1.38377,1.17788
15,13,1.98073,5.05082
15,14,3.31347,13.23912
15,15,1.50579,0.9025
15,16,0,0
15,17,0,0
15,18,0,0
15,19,0,0
15,20,0,0
15,21,0,0
15,22,0,0
15,23,0,0
15,24,0,0
15,25,0,0
15,26,0,0
15,27,0,0
15,28,0,0
15,29,0,0
15,30,0,0
15,31,0,0
15,32,0,0
15,33,0,0
15,34,0,0
15,35,0,0
15,36,0,0
15,37,0,0
15,38,0,0
15,39,0,0
15,40,0,0
15,41,0,0
15,42,0,0
15,43,0,0
15,44,0,0
15,45,0,0
15,46,0,0
15,47,0,0
15,48,0,0
15,49,0,0
15,50,0,0
15,51,0,0
15,52,0,0
15,53,0,0
15,54,0,0
15,55,0,0
15,56,0,0
15,57,0,0
15,58,0,0
15,59,0,0
15,60,0,0
15,61,0,0
15,62,0,0
15,63,0,0
15,64,0,0
15,65,0,0
15,66,0,0
15,67,0,0
15,68,0,0
15,69,0,0
15,70,0,0
15,71,0,0
15,72,0,0
15,73,0,0
15,74,0,0
15,75,0,0
15,76,0,0
15,77,0,0
15,78,0,0
15,79,0,0
15,80,0,0
15,81,0,0
15,82,0,0
15,83,0,0
16,1,2.21597,0.84971
16,2,1.95915,0.43762
16,3,2.29427,2.6425
16,4,2.78174,3.79156
16,5,2.4037,1.12539
16,6,2.2103,0.66685
16,7,2.28999,0.73871
16,8,2.38329,0.74721
16,9,2.18719,0.37525
16,10,2.78706,3.29616
16,11,1.40085,0.85243
16,12,1.50016,0.50075
16,13,1.9767,2.34738
16,14,1.88592,0.87666
16,15,1.59533,0.56227
16,16,1.794556,0.473856
16,17,0,0
16,18,0,0
16,19,0,0
16,20,0,0
16,21,0,0
16,22,0,0
16,23,0,0
16,24,0,0
16,25,0,0
16,26,0,0
16,27,0,0
16,28,0,0
16,29,0,0
16,30,0,0
16,31,0,0
16,32,0,0
16,33,0,0
16,34,0,0
16,35,0,0
16,36,0,0
16,37,0,0
16,38,0,0
16,39,0,0
16,40,0,0
16,41,0,0
16,42,0,0
16,43,0,0
16,44,0,0
16,45,0,0
16,46,0,0
16,47,0,0
16,48,0,0
16,49,0,0
16,50,0,0
16,51,0,0
16,52,0,0
16,53,0,0
16,54,0,0
16,55,0,0
16,56,0,0
16,57,0,0
16,58,0,0
16,59,0,0
16,60,0,0
16,61,0,0
16,62,0,0
16,63,0,0
16,64,0,0
16,65,0,0
16,66,0,0
16,67,0,0
16,68,0,0
16,69,0,0
16,70,0,0
16,71,0,0
16,72,0,0
16,73,0,0
16,74,0,0
16,75,0,0
16,76,0,0
16,77,0,0
16,78,0,0
16,79,0,0
16,80,0,0
16,81,0,0
16,82,0,0
16,83,0,0
17,1,2.40289,0.75483
17,2,1.67168,0.27296
17,3,2.783,4.22779
17,4,2.82268,2.50727
17,5,2.25932,0.82213
17,6,2.1622,0.51579
17,7,2.17213,0.52075
17,8,2.32324,0.58551
17,9,2.31327,0.41112
17,10,1.70315,0.12513
17,11,1.81643,1.35789
17,12,2.39181,2.43086
17,13,2.12594,2.15345
17,14,1.68498,0.513
17,15,1.46831,0.35236
17,16,1.71544,0.35697
17,17,1.82324,0.33292
17,18,0,0
17,19,0,0
17,20,0,0
17,21,0,0
17,22,0,0
17,23,0,0
17,24,0,0
17,25,0,0
17,26,0,0
17,27,0,0
17,28,0,0
17,29,0,0
17,30,0,0
17,31,0,0
17,32,0,0
17,33,0,0
17,34,0,0
17,35,0,0
17,36,0,0
17,37,0,0
17,38,0,0
17,39,0,0
17,40,0,0
17,41,0,0
17,42,0,0
17,43,0,0
17,44,0,0
17,45,0,0
17,46,0,0
17,47,0,0
17,48,0,0
17,49,0,0
17,50,0,0
17,51,0,0
17,52,0,0
17,53,0,0
17,54,0,0
17,55,0,0
17,56,0,0
17,57,0,0
17,58,0,0
17,59,0,0
17,60,0,0
17,61,0,0
17,62,0,0
17,63,0,0
17,64,0,0
17,65,0,0
17,66,0,0
17,67,0,0
17,68,0,0
17,69,0,0
17,70,0,0
17,71,0,0
17,72,0,0
17,73,0,0
17,74,0,0
17,75,0,0
17,76,0,0
17,77,0,0
17,78,0,0
17,79,0,0
17,80,0,0
17,81,0,0
17,82,0,0
17,83,0,0
18,1,4.05617,3.93344
18,2,2.71656,1.17721
18,3,3.1229,3.36291
18,4,3.04401,2.75549
18,5,2.41547,1.93159
18,6,1.47131,0.12231
18,7,2.3268,0.56258
18,8,2.24067,0.35579
18,9,3.92066,9.26971
18,10,2.96375,1.3047
18,11,2.16768,3.39814
18,12,2.09266,1.97064
18,13,2.64516,1.85201
18,14,1.78035,1.06789
18,15,4.37252,0.17101
18,16,2.0494,0.65377
18,17,2.55445,2.25609
18,18,2.30643,0.9727
18,19,0,0
18,20,0,0
18,21,0,0
18,22,0,0
18,23,0,0
18,24,0,0
18,25,0,0
18,26,0,0
18,27,0,0
18,28,0,0
18,29,0,0
18,30,0,0
18,31,0,0
18,32,0,0
18,33,0,0
18,34,0,0
18,35,0,0
18,36,0,0
18,37,0,0
18,38,0,0
18,39,0,0
18,40,0,0
18,41,0,0
18,42,0,0
18,43,0,0
18,44,0,0
18,45,0,0
18,46,0,0
18,47,0,0
18,48,0,0
18,49,0,0
18,50,0,0
18,51,0,0
18,52,0,0
18,53,0,0
18,54,0,0
18,55,0,0
18,56,0,0
18,57,0,0
18,58,0,0
18,59,0,0
18,60,0,0
18,61,0,0
18,62,0,0
18,63,0,0
18,64,0,0
18,65,0,0
18,66,0,0
18,67,0,0
18,68,0,0
18,69,0,0
18,70,0,0
18,71,0,0
18,72,0,0
18,73,0,0
18,74,0,0
18,75,0,0
18,76,0,0
18,77,0,0
18,78,0,0
18,79,0,0
18,80,0,0
18,81,0,0
18,82,0,0
18,83,0,0
19,1,0.64817,0.36934
19,2,1.4185,2.89505
19,3,1.03649,4.37457
19,4,1.93189,6.73222
19,5,2.03177,8.90054
19,6,2.24176,10.31799
19,7,2.32586,7.97771
19,8,1.50857,1.01228
19,9,3.18282,6.59297
19,10,1.13802,0.234
19,11,0.88431,5.56303
19,12,0.88481,3.2905
19,13,1.97608,29.94471
19,14,1.67593,8.2792
19,15,1.44374,4.47538
19,16,2.51216,29.52895
19,17,1.62216,1.23148
19,18,2.3028,9.71051
19,19,1.43551,5.93433
19,20,0,0
19,21,0,0
19,22,0,0
19,23,0,0
19,24,0,0
19,25,0,0
19,26,0,0
19,27,0,0
19,28,0,0
19,29,0,0
19,30,0,0
19,31,0,0
19,32,0,0
19,33,0,0
19,34,0,0
19,35,0,0
19,36,0,0
19,37,0,0
19,38,0,0
19,39,0,0
19,40,0,0
19,41,0,0
19,42,0,0
19,43,0,0
19,44,0,0
19,45,0,0
19,46,0,0
19,47,0,0
19,48,0,0
19,49,0,0
19,50,0,0
19,51,0,0
19,52,0,0
19,53,0,0
19,54,0,0
19,55,0,0
19,56,0,0
19,57,0,0
19,58,0,0
19,59,0,0
19,60,0,0
19,61,0,0
19,62,0,0
19,63,0,0
19,64,0,0
19,65,0,0
19,66,0,0
19,67,0,0
19,68,0,0
19,69,0,0
19,70,0,0
19,71,0,0
19,72,0,0
19,73,0,0
19,74,0,0
19,75,0,0
19,76,0,0
19,77,0,0
19,78,0,0
19,79,0,0
19,80,0,0
19,81,0,0
19,82,0,0
19,83,0,0
20,1,2.14186,7.72861
20,2,1.71985,2.91385
20,3,0,0
20,4,0,0
20,5,1.70001,1.70001
20,6,1.0353,0.14845
20,7,2.3866,2.98807
20,8,3.2639,17.02895
20,9,2.64505,3.48282
20,10,0.95453,0.33259
20,11,3.1071,9.65751
20,12,2.2998,8.5998
20,13,1.61257,4.18856
20,14,1.21879,0.33623
20,15,1.02414,0.41084
20,16,0.95817,0.32574
20,17,2.38339,5.95614
20,18,1.03488,0.29107
20,19,1.1192,1.24032
20,20,1.88967,30.00359
20,21,0,0
20,22,0,0
20,23,0,0
20,24,0,0
20,25,0,0
20,26,0,0
20,27,0,0
20,28,0,0
20,29,0,0
20,30,0,0
20,31,0,0
20,32,0,0
20,33,0,0
20,34,0,0
20,35,0,0
20,36,0,0
20,37,0,0
20,38,0,0
20,39,0,0
20,40,0,0
20,41,0,0
20,42,0,0
20,43,0,0
20,44,0,0
20,45,0,0
20,46,0,0
20,47,0,0
20,48,0,0
20,49,0,0
20,50,0,0
20,51,0,0
20,52,0,0
20,53,0,0
20,54,0,0
20,55,0,0
20,56,0,0
20,57,0,0
20,58,0,0
20,59,0,0
20,60,0,0
20,61,0,0
20,62,0,0
20,63,0,0
20,64,0,0
20,65,0,0
20,66,0,0
20,67,0,0
20,68,0,0
20,69,0,0
20,70,0,0
20,71,0,0
20,72,0,0
20,73,0,0
20,74,0,0
20,75,0,0
20,76,0,0
20,77,0,0
20,78,0,0
20,79,0,0
20,80,0,0
20,81,0,0
20,82,0,0
20,83,0,0
21,1,1.17948,0.3512
21,2,0,0
21,3,0,0
21,4,0,0
21,5,0,0
21,6,2.63049,8.60805
21,7,2.27,3.23188
21,8,2.25652,3.05867
21,9,3.10799,7.25235
21,10,0,0
21,11,0,0
21,12,0,0
21,13,1.00355,0.50062
21,14,2.01687,3.21907
21,15,0.86816,0.62675
21,16,0.42294,0.21185
21,17,2.14147,2.99613
21,18,0,0
21,19,0,0
21,20,0,0
21,21,1.13284,2.59817
21,22,0,0
21,23,0,0
21,24,0,0
21,25,0,0
21,26,0,0
21,27,0,0
21,28,0,0
21,29,0,0
21,30,0,0
21,31,0,0
21,32,0,0
21,33,0,0
21,34,0,0
21,35,0,0
21,36,0,0
21,37,0,0
21,38,0,0
21,39,0,0
21,40,0,0
21,41,0,0
21,42,0,0
21,43,0,0
21,44,0,0
21,45,0,0
21,46,0,0
21,47,0,0
21,48,0,0
21,49,0,0
21,50,0,0
21,51,0,0
21,52,0,0
21,53,0,0
21,54,0,0
21,55,0,0
21,56,0,0
21,57,0,0
21,58,0,0
21,59,0,0
21,60,0,0
21,61,0,0
21,62,0,0
21,63,0,0
21,64,0,0
21,65,0,0
21,66,0,0
21,67,0,0
21,68,0,0
21,69,0,0
21,70,0,0
21,71,0,0
21,72,0,0
21,73,0,0
21,74,0,0
21,75,0,0
21,76,0,0
21,77,0,0
21,78,0,0
21,79,0,0
21,80,0,0
21,81,0,0
21,82,0,0
21,83,0,0
22,1,0.83267,0.14372
22,2,0,0
22,3,0,0
22,4,0,0
22,5,1.62871,0.64936
22,6,1.59797,0.41671
22,7,1.67869,0.54546
22,8,1.78912,0.79949
22,9,2.30709,1.08574
22,10,0,0
22,11,0,0
22,12,1.91134,4.33024
22,13,1.36949,2.09184
22,14,2.85604,6.77381
22,15,2.15193,4.1505
22,16,1.84644,0.94378
22,17,1.46103,0.3333
22,18,0,0
22,19,0,0
22,20,2,4.10914
22,21,0,0
22,22,2.6486,2
22,23,0,0
22,24,0,0
22,25,0,0
22,26,0,0
22,27,0,0
22,28,0,0
22,29,0,0
22,30,0,0
22,31,0,0
22,32,0,0
22,33,0,0
22,34,0,0
22,35,0,0
22,36,0,0
22,37,0,0
22,38,0,0
22,39,0,0
22,40,0,0
22,41,0,0
22,42,0,0
22,43,0,0
22,44,0,0
22,45,0,0
22,46,0,0
22,47,0,0
22,48,0,0
22,49,0,0
22,50,0,0
22,51,0,0
22,52,0,0
22,53,0,0
22,54,0,0
22,55,0,0
22,56,0,0
22,57,0,0
22,58,0,0
22,59,0,0
22,60,0,0
22,61,0,0
22,62,0,0
22,63,0,0
22,64,0,0
22,65,0,0
22,66,0,0
22,67,0,0
22,68,0,0
22,69,0,0
22,70,0,0
22,71,0,0
22,72,0,0
22,73,0,0
22,74,0,0
22,75,0,0
22,76,0,0
22,77,0,0
22,78,0,0
22,79,0,0
22,80,0,0
22,81,0,0
22,82,0,0
22,83,0,0
23,1,1.28013,0.1052
23,2,0,0
23,3,0,0
23,4,0,0
23,5,0,0
23,6,2.78986,1.93876
23,7,1.60754,0.27672
23,8,1.62397,0.41531
23,9,1.82516,0.34281
23,10,0,0
23,11,2.55101,8.27602
23,12,0,0
23,13,0,0
23,14,0,0
23,15,2.54915,6.25062
23,16,2.70412,2.03504
23,17,1.68853,0.24366
23,18,0,0
23,19,4.52136,2.02659
23,20,0,0
23,21,0,0
23,22,0,0
23,23,4.83239,10.77989
23,24,0,0
23,25,0,0
23,26,0,0
23,27,0,0
23,28,0,0
23,29,0,0
23,30,0,0
23,31,0,0
23,32,0,0
23,33,0,0
23,34,0,0
23,35,0,0
23,36,0,0
23,37,0,0
23,38,0,0
23,39,0,0
23,40,0,0
23,41,0,0
23,42,0,0
23,43,0,0
23,44,0,0
23,45,0,0
23,46,0,0
23,47,0,0
23,48,0,0
23,49,0,0
23,50,0,0
23,51,0,0
23,52,0,0
23,53,0,0
23,54,0,0
23,55,0,0
23,56,0,0
23,57,0,0
23,58,0,0
23,59,0,0
23,60,0,0
23,61,0,0
23,62,0,0
23,63,0,0
23,64,0,0
23,65,0,0
23,66,0,0
23,67,0,0
23,68,0,0
23,69,0,0
23,70,0,0
23,71,0,0
23,72,0,0
23,73,0,0
23,74,0,0
23,75,0,0
23,76,0,0
23,77,0,0
23,78,0,0
23,79,0,0
23,80,0,0
23,81,0,0
23,82,0,0
23,83,0,0
24,1,0.88266,0.04447
24,2,0,0
24,3,0,0
24,4,0,0
24,5,0,0
24,6,3.65675,6.11019
24,7,3.02919,1.92032
24,8,2.5,1.05551
24,9,2.71652,0.73761
24,10,0,0
24,11,2.29506,8.36427
24,12,0,0
24,13,0,0
24,14,1.86076,1.02911
24,15,1.69538,0.60018
24,16,2.26098,0.55033
24,17,2.15262,0.36907
24,18,0,0
24,19,2,2
24,20,0,0
24,21,0,0
24,22,0,0
24,23,0,0
24,24,4.65542,10.31861
24,25,0,0
24,26,0,0
24,27,0,0
24,28,0,0
24,29,0,0
24,30,0,0
24,31,0,0
24,32,0,0
24,33,0,0
24,34,0,0
24,35,0,0
24,36,0,0
24,37,0,0
24,38,0,0
24,39,0,0
24,40,0,0
24,41,0,0
24,42,0,0
24,43,0,0
24,44,0,0
24,45,0,0
24,46,0,0
24,47,0,0
24,48,0,0
24,49,0,0
24,50,0,0
24,51,0,0
24,52,0,0
24,53,0,0
24,54,0,0
24,55,0,0
24,56,0,0
24,57,0,0
24,58,0,0
24,59,0,0
24,60,0,0
24,61,0,0
24,62,0,0
24,63,0,0
24,64,0,0
24,65,0,0
24,66,0,0
24,67,0,0
24,68,0,0
24,69,0,0
24,70,0,0
24,71,0,0
24,72,0,0
24,73,0,0
24,74,0,0
24,75,0,0
24,76,0,0
24,77,0,0
24,78,0,0
24,79,0,0
24,80,0,0
24,81,0,0
24,82,0,0
24,83,0,0
25,1,2.30994,1.26921
25,2,0,0
25,3,0,0
25,4,0,0
25,5,0,0
25,6,3.00075,2.58311
25,7,2.92147,1.95675
25,8,2.57754,1.28562
25,9,2.79195,1.11307
25,10,0,0
25,11,0,0
25,12,0,0
25,13,1.76836,1.04079
25,14,1.93796,0.95058
25,15,1.94702,1.13032
25,16,2.48251,1.61265
25,17,1.65701,0.20185
25,18,0,0
25,19,0,0
25,20,1.49144,0.62018
25,21,0,0
25,22,0,0
25,23,0,0
25,24,0,0
25,25,2.66542,2.46004
25,26,0,0
25,27,0,0
25,28,0,0
25,29,0,0
25,30,0,0
25,31,0,0
25,32,0,0
25,33,0,0
25,34,0,0
25,35,0,0
25,36,0,0
25,37,0,0
25,38,0,0
25,39,0,0
25,40,0,0
25,41,0,0
25,42,0,0
25,43,0,0
25,44,0,0
25,45,0,0
25,46,0,0
25,47,0,0
25,48,0,0
25,49,0,0
25,50,0,0
25,51,0,0
25,52,0,0
25,53,0,0
25,54,0,0
25,55,0,0
25,56,0,0
25,57,0,0
25,58,0,0
25,59,0,0
25,60,0,0
25,61,0,0
25,62,0,0
25,63,0,0
25,64,0,0
25,65,0,0
25,66,0,0
25,67,0,0
25,68,0,0
25,69,0,0
25,70,0,0
25,71,0,0
25,72,0,0
25,73,0,0
25,74,0,0
25,75,0,0
25,76,0,0
25,77,0,0
25,78,0,0
25,79,0,0
25,80,0,0
25,81,0,0
25,82,0,0
25,83,0,0
26,1,0.85449,0.02519
26,2,0,0
26,3,0,0
26,4,0,0
26,5,0,0
26,6,3.99134,0.36684
26,7,2.50049,0.15534
26,8,1.72631,0.13642
26,9,4.29471,3.65735
26,10,0,0
26,11,0,0
26,12,0,0
26,13,0,0
26,14,0,0
26,15,2.56753,0.43129
26,16,0.98899,0.03348
26,17,1.22979,0.01947
26,18,0,0
26,19,2,6
26,20,0,0
26,21,0,0
26,22,0,0
26,23,0,0
26,24,0,0
26,25,0,0
26,26,2.72078,1.84689
26,27,0,0
26,28,0,0
26,29,0,0
26,30,0,0
26,31,0,0
26,32,0,0
26,33,0,0
26,34,0,0
26,35,0,0
26,36,0,0
26,37,0,0
26,38,0,0
26,39,0,0
26,40,0,0
26,41,0,0
26,42,0,0
26,43,0,0
26,44,0,0
26,45,0,0
26,46,0,0
26,47,0,0
26,48,0,0
26,49,0,0
26,50,0,0
26,51,0,0
26,52,0,0
26,53,0,0
26,54,0,0
26,55,0,0
26,56,0,0
26,57,0,0
26,58,0,0
26,59,0,0
26,60,0,0
26,61,0,0
26,62,0,0
26,63,0,0
26,64,0,0
26,65,0,0
26,66,0,0
26,67,0,0
26,68,0,0
26,69,0,0
26,70,0,0
26,71,0,0
26,72,0,0
26,73,0,0
26,74,0,0
26,75,0,0
26,76,0,0
26,77,0,0
26,78,0,0
26,79,0,0
26,80,0,0
26,81,0,0
26,82,0,0
26,83,0,0
27,1,2.96652,2.47247
27,2,0,0
27,3,0,0
27,4,0,0
27,5,0,0
27,6,3.71623,2.12393
27,7,3.61864,2.65384
27,8,3.72691,5.25202
27,9,3.95635,4.58503
27,10,0,0
27,11,0,0
27,12,0,0
27,13,0,0
27,14,2.46981,1.09024
27,15,1.1525,0.10594
27,16,2.42925,0.43671
27,17,3.2175,1.03341
27,18,0,0
27,19,0,0
27,20,0,0
27,21,0,0
27,22,0,0
27,23,0,0
27,24,0,0
27,25,0,0
27,26,0,0
27,27,3.28817,3.91962
27,28,0,0
27,29,0,0
27,30,0,0
27,31,0,0
27,32,0,0
27,33,0,0
27,34,0,0
27,35,0,0
27,36,0,0
27,37,0,0
27,38,0,0
27,39,0,0
27,40,0,0
27,41,0,0
27,42,0,0
27,43,0,0
27,44,0,0
27,45,0,0
27,46,0,0
27,47,0,0
27,48,0,0
27,49,0,0
27,50,0,0
27,51,0,0
27,52,0,0
27,53,0,0
27,54,0,0
27,55,0,0
27,56,0,0
27,57,0,0
27,58,0,0
27,59,0,0
27,60,0,0
27,61,0,0
27,62,0,0
27,63,0,0
27,64,0,0
27,65,0,0
27,66,0,0
27,67,0,0
27,68,0,0
27,69,0,0
27,70,0,0
27,71,0,0
27,72,0,0
27,73,0,0
27,74,0,0
27,75,0,0
27,76,0,0
27,77,0,0
27,78,0,0
27,79,0,0
27,80,0,0
27,81,0,0
27,82,0,0
27,83,0,0
28,1,2.63528,1.76312
28,2,0,0
28,3,0,0
28,4,0,0
28,5,0,0
28,6,4.28551,7.13332
28,7,3.84522,4.2868
28,8,2.93723,0.88594
28,9,3.44024,1.08821
28,10,0,0
28,11,0,0
28,12,0,0
28,13,0,0
28,14,2.06888,0.93865
28,15,3.26028,5.05973
28,16,2.00275,0.27485
28,17,2.20051,0.20231
28,18,0,0
28,19,0,0
28,20,0,0
28,21,0,0
28,22,0,0
28,23,0,0
28,24,0,0
28,25,0,0
28,26,0,0
28,27,0,0
28,28,1.09796,0.03547
28,29,0,0
28,30,0,0
28,31,0,0
28,32,0,0
28,33,0,0
28,34,0,0
28,35,0,0
28,36,0,0
28,37,0,0
28,38,0,0
28,39,0,0
28,40,0,0
28,41,0,0
28,42,0,0
28,43,0,0
28,44,0,0
28,45,0,0
28,46,0,0
28,47,0,0
28,48,0,0
28,49,0,0
28,50,0,0
28,51,0,0
28,52,0,0
28,53,0,0
28,54,0,0
28,55,0,0
28,56,0,0
28,57,0,0
28,58,0,0
28,59,0,0
28,60,0,0
28,61,0,0
28,62,0,0
28,63,0,0
28,64,0,0
28,65,0,0
28,66,0,0
28,67,0,0
28,68,0,0
28,69,0,0
28,70,0,0
28,71,0,0
28,72,0,0
28,73,0,0
28,74,0,0
28,75,0,0
28,76,0,0
28,77,0,0
28,78,0,0
28,79,0,0
28,80,0,0
28,81,0,0
28,82,0,0
28,83,0,0
29,1,2.33536,0.60359
29,2,0,0
29,3,0,0
29,4,0,0
29,5,0,0
29,6,4.63877,7.06779
29,7,4.21434,3.22867
29,8,3.95995,2
29,9,4.47883,1.28211
29,10,0,0
29,11,0,0
29,12,0,0
29,13,0,0
29,14,0,0
29,15,0.21064,0.02013
29,16,0.27311,0.00525
29,17,2.77653,0.13906
29,18,0,0
29,19,0,0
29,20,0,0
29,21,0,0
29,22,0,0
29,23,0,0
29,24,0,0
29,25,0,0
29,26,0,0
29,27,0,0
29,28,0,0
29,29,3.61685,5.18438
29,30,0,0
29,31,0,0
29,32,0,0
29,33,0,0
29,34,0,0
29,35,0,0
29,36,0,0
29,37,0,0
29,38,0,0
29,39,0,0
29,40,0,0
29,41,0,0
29,42,0,0
29,43,0,0
29,44,0,0
29,45,0,0
29,46,0,0
29,47,0,0
29,48,0,0
29,49,0,0
29,50,0,0
29,51,0,0
29,52,0,0
29,53,0,0
29,54,0,0
29,55,0,0
29,56,0,0
29,57,0,0
29,58,0,0
29,59,0,0
29,60,0,0
29,61,0,0
29,62,0,0
29,63,0,0
29,64,0,0
29,65,0,0
29,66,0,0
29,67,0,0
29,68,0,0
29,69,0,0
29,70,0,0
29,71,0,0
29,72,0,0
29,73,0,0
29,74,0,0
29,75,0,0
29,76,0,0
29,77,0,0
29,78,0,0
29,79,0,0
29,80,0,0
29,81,0,0
29,82,0,0
29,83,0,0
30,1,1.98789,3.10919
30,2,0,0
30,3,0,0
30,4,0,0
30,5,0,0
30,6,1.80233,0.99147
30,7,1.84458,0.95248
30,8,2.33505,2.26531
30,9,2.41002,1.22555
30,10,0,0
30,11,0,0
30,12,0,0
30,13,0,0
30,14,1.83206,3.7839
30,15,1.22048,0.58153
30,16,1.455,0.648
30,17,1.62518,0.72135
30,18,0,0
30,19,0,0
30,20,1.11918,1.24029
30,21,0,0
30,22,0,0
30,23,0,0
30,24,0,0
30,25,0,0
30,26,0,0
30,27,0,0
30,28,0,0
30,29,0,0
30,30,0.929,0.465
30,31,0,0
30,32,0,0
30,33,0,0
30,34,0,0
30,35,0,0
30,36,0,0
30,37,0,0
30,38,0,0
30,39,0,0
30,40,0,0
30,41,0,0
30,42,0,0
30,43,0,0
30,44,0,0
30,45,0,0
30,46,0,0
30,47,0,0
30,48,0,0
30,49,0,0
30,50,0,0
30,51,0,0
30,52,0,0
30,53,0,0
30,54,0,0
30,55,0,0
30,56,0,0
30,57,0,0
30,58,0,0
30,59,0,0
30,60,0,0
30,61,0,0
30,62,0,0
30,63,0,0
30,64,0,0
30,65,0,0
30,66,0,0
30,67,0,0
30,68,0,0
30,69,0,0
30,70,0,0
30,71,0,0
30,72,0,0
30,73,0,0
30,74,0,0
30,75,0,0
30,76,0,0
30,77,0,0
30,78,0,0
30,79,0,0
30,80,0,0
30,81,0,0
30,82,0,0
30,83,0,0
31,1,1.84735,1.38665
31,2,0,0
31,3,0,0
31,4,0,0
31,5,0,0
31,6,2.32541,1.96299
31,7,2.12182,1.18834
31,8,2.34835,1.52364
31,9,2.67987,1.41694
31,10,0,0
31,11,0,0
31,12,0,0
31,13,0,0
31,14,1.91378,1.00229
31,15,2.97965,0.5
31,16,2.23211,2.45628
31,17,2.02471,1.18666
31,18,0,0
31,19,0,0
31,20,0,0
31,21,0,0
31,22,0,0
31,23,0,0
31,24,0,0
31,25,0,0
31,26,0,0
31,27,0,0
31,28,0,0
31,29,0,0
31,30,0,0
31,31,1.33464,1.19839
31,32,0,0
31,33,0,0
31,34,0,0
31,35,0,0
31,36,0,0
31,37,0,0
31,38,0,0
31,39,0,0
31,40,0,0
31,41,0,0
31,42,0,0
31,43,0,0
31,44,0,0
31,45,0,0
31,46,0,0
31,47,0,0
31,48,0,0
31,49,0,0
31,50,0,0
31,51,0,0
31,52,0,0
31,53,0,0
31,54,0,0
31,55,0,0
31,56,0,0
31,57,0,0
31,58,0,0
31,59,0,0
31,60,0,0
31,61,0,0
31,62,0,0
31,63,0,0
31,64,0,0
31,65,0,0
31,66,0,0
31,67,0,0
31,68,0,0
31,69,0,0
31,70,0,0
31,71,0,0
31,72,0,0
31,73,0,0
31,74,0,0
31,75,0,0
31,76,0,0
31,77,0,0
31,78,0,0
31,79,0,0
31,80,0,0
31,81,0,0
31,82,0,0
31,83,0,0
32,1,2.20679,1.73323
32,2,0,0
32,3,0,0
32,4,0,0
32,5,0,0
32,6,2.25747,1.29751
32,7,1.98823,0.63751
32,8,2.13941,0.82696
32,9,2.38478,0.65198
32,10,0,0
32,11,0,0
32,12,0,0
32,13,0,0
32,14,0.29972,0.17868
32,15,2.46929,5.61635
32,16,2.02459,1.16096
32,17,1.77123,0.54524
32,18,0,0
32,19,0,0
32,20,0,0
32,21,0,0
32,22,0,0
32,23,0,0
32,24,0,0
32,25,2.38283,2.25515
32,26,0,0
32,27,2.85261,2.15185
32,28,0,0
32,29,0,0
32,30,0,0
32,31,0,0
32,32,2.019,3.023
32,33,0,0
32,34,0,0
32,35,0,0
32,36,0,0
32,37,0,0
32,38,0,0
32,39,0,0
32,40,0,0
32,41,0,0
32,42,0,0
32,43,0,0
32,44,0,0
32,45,0,0
32,46,0,0
32,47,0,0
32,48,0,0
32,49,0,0
32,50,0,0
32,51,0,0
32,52,0,0
32,53,0,0
32,54,0,0
32,55,0,0
32,56,0,0
32,57,0,0
32,58,0,0
32,59,0,0
32,60,0,0
32,61,0,0
32,62,0,0
32,63,0,0
32,64,0,0
32,65,0,0
32,66,0,0
32,67,0,0
32,68,0,0
32,69,0,0
32,70,0,0
32,71,0,0
32,72,0,0
32,73,0,0
32,74,0,0
32,75,0,0
32,76,0,0
32,77,0,0
32,78,0,0
32,79,0,0
32,80,0,0
32,81,0,0
32,82,0,0
32,83,0,0
33,1,1.99353,1.09059
33,2,0,0
33,3,0,0
33,4,0,0
33,5,0,0
33,6,1.85507,0.5791
33,7,1.49654,0.27334
33,8,2.00395,0.70161
33,9,2.01258,0.40263
33,10,0,0
33,11,0,0
33,12,0,0
33,13,1.15279,1.00358
33,14,1.9156,1.43071
33,15,0,0
33,16,1.95437,1.03378
33,17,1.69107,0.45443
33,18,0,0
33,19,0,0
33,20,0,0
33,21,0,0
33,22,1.93291,1.58132
33,23,0,0
33,24,0,0
33,25,0,0
33,26,0,0
33,27,3.36814,1.67524
33,28,0,0
33,29,0,0
33,30,1.45913,3.15657
33,31,1.73098,1.6863
33,32,0,0
33,33,1.58826,0.73731
33,34,0,0
33,35,0,0
33,36,0,0
33,37,0,0
33,38,0,0
33,39,0,0
33,40,0,0
33,41,0,0
33,42,0,0
33,43,0,0
33,44,0,0
33,45,0,0
33,46,0,0
33,47,0,0
33,48,0,0
33,49,0,0
33,50,0,0
33,51,0,0
33,52,0,0
33,53,0,0
33,54,0,0
33,55,0,0
33,56,0,0
33,57,0,0
33,58,0,0
33,59,0,0
33,60,0,0
33,61,0,0
33,62,0,0
33,63,0,0
33,64,0,0
33,65,0,0
33,66,0,0
33,67,0,0
33,68,0,0
33,69,0,0
33,70,0,0
33,71,0,0
33,72,0,0
33,73,0,0
33,74,0,0
33,75,0,0
33,76,0,0
33,77,0,0
33,78,0,0
33,79,0,0
33,80,0,0
33,81,0,0
33,82,0,0
33,83,0,0
34,1,2.03507,0.848
34,2,0,0
34,3,0,0
34,4,0,0
34,5,0,0
34,6,2.38712,1.11479
34,7,1.93776,0.48284
34,8,2.48426,0.95516
34,9,2.30218,0.44481
34,10,0,0
34,11,0,0
34,12,0,0
34,13,0,0
34,14,1.52982,0.51823
34,15,1.04818,0.29205
34,16,1.47961,0.39172
34,17,2.12886,0.98107
34,18,0,0
34,19,0,0
34,20,0,0
34,21,0,0
34,22,0,0
34,23,0,0
34,24,0,0
34,25,2.64804,2.18072
34,26,0,0
34,27,2.52345,2.20241
34,28,0,0
34,29,0,0
34,30,1.18624,0.51159
34,31,0,0
34,32,2.66906,5.87205
34,33,1.66528,0.71126
34,34,1.79589,0.82182
34,35,0,0
34,36,0,0
34,37,0,0
34,38,0,0
34,39,0,0
34,40,0,0
34,41,0,0
34,42,0,0
34,43,0,0
34,44,0,0
34,45,0,0
34,46,0,0
34,47,0,0
34,48,0,0
34,49,0,0
34,50,0,0
34,51,0,0
34,52,0,0
34,53,0,0
34,54,0,0
34,55,0,0
34,56,0,0
34,57,0,0
34,58,0,0
34,59,0,0
34,60,0,0
34,61,0,0
34,62,0,0
34,63,0,0
34,64,0,0
34,65,0,0
34,66,0,0
34,67,0,0
34,68,0,0
34,69,0,0
34,70,0,0
34,71,0,0
34,72,0,0
34,73,0,0
34,74,0,0
34,75,0,0
34,76,0,0
34,77,0,0
34,78,0,0
34,79,0,0
34,80,0,0
34,81,0,0
34,82,0,0
34,83,0,0
35,1,2.1928,0.85038
35,2,2.12827,1.06204
35,3,2.07444,1.85887
35,4,2.36715,1.94093
35,5,2.30789,1.22642
35,6,2.01509,0.57069
35,7,4.2249,30.00013
35,8,2.28305,0.70658
35,9,2.03177,0.2935
35,10,2.46417,1.00616
35,11,1.62222,1.75294
35,12,2.1957,2.91628
35,13,1.89414,2.35713
35,14,1.57082,0.58951
35,15,1.40214,0.45652
35,16,1.50987,0.28669
35,17,1.71033,0.38924
35,18,2.4508,3.26267
35,19,1.61609,3.3228
35,20,2.07841,4.05291
35,21,1.79349,2.09825
35,22,1.67485,0.88343
35,23,1.9029,0
35,24,1.56603,0.21785
35,25,2.28382,1.18358
35,26,3.64178,6.06192
35,27,2.63269,0.42515
35,28,2.77214,0.63214
35,29,5.82641,0.76852
35,30,1.41612,0.74703
35,31,1.8191,1.26104
35,32,1.60237,0.62774
35,33,1.52017,0.51415
35,34,1.48371,0.31934
35,35,1.75815,0.61531
35,36,0,0
35,37,0,0
35,38,0,0
35,39,0,0
35,40,0,0
35,41,0,0
35,42,0,0
35,43,0,0
35,44,0,0
35,45,0,0
35,46,0,0
35,47,0,0
35,48,0,0
35,49,0,0
35,50,0,0
35,51,0,0
35,52,0,0
35,53,0,0
35,54,0,0
35,55,0,0
35,56,0,0
35,57,0,0
35,58,0,0
35,59,0,0
35,60,0,0
35,61,0,0
35,62,0,0
35,63,0,0
35,64,0,0
35,65,0,0
35,66,0,0
35,67,0,0
35,68,0,0
35,69,0,0
35,70,0,0
35,71,0,0
35,72,0,0
35,73,0,0
35,74,0,0
35,75,0,0
35,76,0,0
35,77,0,0
35,78,0,0
35,79,0,0
35,80,0,0
35,81,0,0
35,82,0,0
35,83,0,0
36,1,3.77045,5.1259
36,2,1.99694,0.6277
36,3,3.31456,8.7587
36,4,3.25305,10.2378
36,5,2.36317,2.94678
36,6,2.07674,0.65262
36,7,1.64405,0.19961
36,8,0.2923,0.00673
36,9,3.45232,4.13441
36,10,2.81368,1.43372
36,11,2.4806,8.35445
36,12,1.39149,0.88844
36,13,2.46713,5.09172
36,14,1.7641,0.55425
36,15,0,0
36,16,0,0
36,17,1.88497,0.52022
36,18,1.99513,0.55487
36,19,2.18249,8.60978
36,20,1.3052,0.87889
36,21,0,0
36,22,0,0
36,23,0,0
36,24,0,0
36,25,0,0
36,26,0,0
36,27,0,0
36,28,0,0
36,29,0,0
36,30,0,0
36,31,0,0
36,32,0,0
36,33,0,0
36,34,0,0
36,35,1.52901,0.3081
36,36,1.13532,0.0521
36,37,0,0
36,38,0,0
36,39,0,0
36,40,0,0
36,41,0,0
36,42,0,0
36,43,0,0
36,44,0,0
36,45,0,0
36,46,0,0
36,47,0,0
36,48,0,0
36,49,0,0
36,50,0,0
36,51,0,0
36,52,0,0
36,53,0,0
36,54,0,0
36,55,0,0
36,56,0,0
36,57,0,0
36,58,0,0
36,59,0,0
36,60,0,0
36,61,0,0
36,62,0,0
36,63,0,0
36,64,0,0
36,65,0,0
36,66,0,0
36,67,0,0
36,68,0,0
36,69,0,0
36,70,0,0
36,71,0,0
36,72,0,0
36,73,0,0
36,74,0,0
36,75,0,0
36,76,0,0
36,77,0,0
36,78,0,0
36,79,0,0
36,80,0,0
36,81,0,0
36,82,0,0
36,83,0,0
37,1,2.44356,29.86163
37,2,1.27074,1.86258
37,3,0,0
37,4,0,0
37,5,5.53224,9.04049
37,6,2.76583,29.97403
37,7,0.76105,0.02464
37,8,1.33491,1.12535
37,9,3.63812,28.81528
37,10,2.26759,7.73656
37,11,0,0
37,12,0,0
37,13,0.79877,2.99246
37,14,0,0
37,15,0,0
37,16,1.30318,0.96441
37,17,2.27441,10.38449
37,18,2.51098,18.43333
37,19,0,0
37,20,0,0
37,21,0,0
37,22,0,0
37,23,0,0
37,24,0,0
37,25,0,0
37,26,0,0
37,27,0,0
37,28,0,0
37,29,0,0
37,30,0,0
37,31,0,0
37,32,0,0
37,33,0,0
37,34,0,0
37,35,1.79777,5.17621
37,36,2.26875,15.3075
37,37,1.18082,20.14761
37,38,0,0
37,39,0,0
37,40,0,0
37,41,0,0
37,42,0,0
37,43,0,0
37,44,0,0
37,45,0,0
37,46,0,0
37,47,0,0
37,48,0,0
37,49,0,0
37,50,0,0
37,51,0,0
37,52,0,0
37,53,0,0
37,54,0,0
37,55,0,0
37,56,0,0
37,57,0,0
37,58,0,0
37,59,0,0
37,60,0,0
37,61,0,0
37,62,0,0
37,63,0,0
37,64,0,0
37,65,0,0
37,66,0,0
37,67,0,0
37,68,0,0
37,69,0,0
37,70,0,0
37,71,0,0
37,72,0,0
37,73,0,0
37,74,0,0
37,75,0,0
37,76,0,0
37,77,0,0
37,78,0,0
37,79,0,0
37,80,0,0
37,81,0,0
37,82,0,0
37,83,0,0
38,1,2.10591,12.97332
38,2,0,0
38,3,0,0
38,4,0,0
38,5,0,0
38,6,1.98669,6.65466
38,7,2.18363,6.85387
38,8,2.1384,3.5614
38,9,3.05067,10.97171
38,10,0,0
38,11,0,0
38,12,0,0
38,13,0,0
38,14,2.96978,2.76475
38,15,2.78915,2.5521
38,16,1.59811,3.1296
38,17,1.85419,3.78396
38,18,0,0
38,19,0,0
38,20,0,0
38,21,0,0
38,22,2.88003,2.81725
38,23,0,0
38,24,0,0
38,25,0,0
38,26,0,0
38,27,0,0
38,28,0,0
38,29,0,0
38,30,0,0
38,31,0,0
38,32,0,0
38,33,0,0
38,34,0,0
38,35,1.52432,2.76657
38,36,0,0
38,37,0,0
38,38,1.00004,5.37212
38,39,0,0
38,40,0,0
38,41,0,0
38,42,0,0
38,43,0,0
38,44,0,0
38,45,0,0
38,46,0,0
38,47,0,0
38,48,0,0
38,49,0,0
38,50,0,0
38,51,0,0
38,52,0,0
38,53,0,0
38,54,0,0
38,55,0,0
38,56,0,0
38,57,0,0
38,58,0,0
38,59,0,0
38,60,0,0
38,61,0,0
38,62,0,0
38,63,0,0
38,64,0,0
38,65,0,0
38,66,0,0
38,67,0,0
38,68,0,0
38,69,0,0
38,70,0,0
38,71,0,0
38,72,0,0
38,73,0,0
38,74,0,0
38,75,0,0
38,76,0,0
38,77,0,0
38,78,0,0
38,79,0,0
38,80,0,0
38,81,0,0
38,82,0,0
38,83,0,0
39,1,0,0
39,2,0,0
39,3,0,0
39,4,0,0
39,5,0,0
39,6,0,0
39,7,0,0
39,8,0,0
39,9,0,0
39,10,0,0
39,11,0,0
39,12,0,0
39,13,0,0
39,14,0,0
39,15,0,0
39,16,0,0
39,17,0,0
39,18,0,0
39,19,0,0
39,20,0,0
39,21,0,0
39,22,0,0
39,23,0,0
39,24,0,0
39,25,0,0
39,26,0,0
39,27,0,0
39,28,0,0
39,29,0,0
39,30,0,0
39,31,0,0
39,32,0,0
39,33,0,0
39,34,0,0
39,35,0,0
39,36,0,0
39,37,0,0
39,38,0,0
39,39,0,0
39,40,0,0
39,41,0,0
39,42,0,0
39,43,0,0
39,44,0,0
39,45,0,0
39,46,0,0
39,47,0,0
39,48,0,0
39,49,0,0
39,50,0,0
39,51,0,0
39,52,0,0
39,53,0,0
39,54,0,0
39,55,0,0
39,56,0,0
39,57,0,0
39,58,0,0
39,59,0,0
39,60,0,0
39,61,0,0
39,62,0,0
39,63,0,0
39,64,0,0
39,65,0,0
39,66,0,0
39,67,0,0
39,68,0,0
39,69,0,0
39,70,0,0
39,71,0,0
39,72,0,0
39,73,0,0
39,74,0,0
39,75,0,0
39,76,0,0
39,77,0,0
39,78,0,0
39,79,0,0
39,80,0,0
39,81,0,0
39,82,0,0
39,83,0,0
40,1,0,0
40,2,0,0
40,3,0,0
40,4,0,0
40,5,0,0
40,6,0,0
40,7,0,0
40,8,0,0
40,9,0,0
40,10,0,0
40,11,0,0
40,12,0,0
40,13,0,0
40,14,0,0
40,15,0,0
40,16,0,0
40,17,0,0
40,18,0,0
40,19,0,0
40,20,0,0
40,21,0,0
40,22,0,0
40,23,0,0
40,24,0,0
40,25,0,0
40,26,0,0
40,27,0,0
40,28,0,0
40,29,0,0
40,30,0,0
40,31,0,0
40,32,0,0
40,33,0,0
40,34,0,0
40,35,0,0
40,36,0,0
40,37,0,0
40,38,0,0
40,39,0,0
40,40,0,0
40,41,0,0
40,42,0,0
40,43,0,0
40,44,0,0
40,45,0,0
40,46,0,0
40,47,0,0
40,48,0,0
40,49,0,0
40,50,0,0
40,51,0,0
40,52,0,0
40,53,0,0
40,54,0,0
40,55,0,0
40,56,0,0
40,57,0,0
40,58,0,0
40,59,0,0
40,60,0,0
40,61,0,0
40,62,0,0
40,63,0,0
40,64,0,0
40,65,0,0
40,66,0,0
40,67,0,0
40,68,0,0
40,69,0,0
40,70,0,0
40,71,0,0
40,72,0,0
40,73,0,0
40,74,0,0
40,75,0,0
40,76,0,0
40,77,0,0
40,78,0,0
40,79,0,0
40,80,0,0
40,81,0,0
40,82,0,0
40,83,0,0
41,1,0,0
41,2,0,0
41,3,0,0
41,4,0,0
41,5,0,0
41,6,0,0
41,7,0,0
41,8,0,0
41,9,0,0
41,10,0,0
41,11,0,0
41,12,0,0
41,13,0,0
41,14,0,0
41,15,0,0
41,16,0,0
41,17,0,0
41,18,0,0
41,19,0,0
41,20,0,0
41,21,0,0
41,22,0,0
41,23,0,0
41,24,0,0
41,25,0,0
41,26,0,0
41,27,0,0
41,28,0,0
41,29,0,0
41,30,0,0
41,31,0,0
41,32,0,0
41,33,0,0
41,34,0,0
41,35,0,0
41,36,0,0
41,37,0,0
41,38,0,0
41,39,0,0
41,40,0,0
41,41,0,0
41,42,0,0
41,43,0,0
41,44,0,0
41,45,0,0
41,46,0,0
41,47,0,0
41,48,0,0
41,49,0,0
41,50,0,0
41,51,0,0
41,52,0,0
41,53,0,0
41,54,0,0
41,55,0,0
41,56,0,0
41,57,0,0
41,58,0,0
41,59,0,0
41,60,0,0
41,61,0,0
41,62,0,0
41,63,0,0
41,64,0,0
41,65,0,0
41,66,0,0
41,67,0,0
41,68,0,0
41,69,0,0
41,70,0,0
41,71,0,0
41,72,0,0
41,73,0,0
41,74,0,0
41,75,0,0
41,76,0,0
41,77,0,0
41,78,0,0
41,79,0,0
41,80,0,0
41,81,0,0
41,82,0,0
41,83,0,0
42,1,0,0
42,2,0,0
42,3,0,0
42,4,0,0
42,5,0,0
42,6,0,0
42,7,0,0
42,8,0,0
42,9,0,0
42,10,0,0
42,11,0,0
42,12,0,0
42,13,0,0
42,14,0,0
42,15,0,0
42,16,0,0
42,17,0,0
42,18,0,0
42,19,0,0
42,20,0,0
42,21,0,0
42,22,0,0
42,23,0,0
42,24,0,0
42,25,0,0
42,26,0,0
42,27,0,0
42,28,0,0
42,29,0,0
42,30,0,0
42,31,0,0
42,32,0,0
42,33,0,0
42,34,0,0
42,35,0,0
42,36,0,0
42,37,0,0
42,38,0,0
42,39,0,0
42,40,0,0
42,41,0,0
42,42,0,0
42,43,0,0
42,44,0,0
42,45,0,0
42,46,0,0
42,47,0,0
42,48,0,0
42,49,0,0
42,50,0,0
42,51,0,0
42,52,0,0
42,53,0,0
42,54,0,0
42,55,0,0
42,56,0,0
42,57,0,0
42,58,0,0
42,59,0,0
42,60,0,0
42,61,0,0
42,62,0,0
42,63,0,0
42,64,0,0
42,65,0,0
42,66,0,0
42,67,0,0
42,68,0,0
42,69,0,0
42,70,0,0
42,71,0,0
42,72,0,0
42,73,0,0
42,74,0,0
42,75,0,0
42,76,0,0
42,77,0,0
42,78,0,0
42,79,0,0
42,80,0,0
42,81,0,0
42,82,0,0
42,83,0,0
43,1,0,0
43,2,0,0
43,3,0,0
43,4,0,0
43,5,0,0
43,6,0,0
43,7,0,0
43,8,0,0
43,9,0,0
43,10,0,0
43,11,0,0
43,12,0,0
43,13,0,0
43,14,0,0
43,15,0,0
43,16,0,0
43,17,0,0
43,18,0,0
43,19,0,0
43,20,0,0
43,21,0,0
43,22,0,0
43,23,0,0
43,24,0,0
43,25,0,0
43,26,0,0
43,27,0,0
43,28,0,0
43,29,0,0
43,30,0,0
43,31,0,0
43,32,0,0
43,33,0,0
43,34,0,0
43,35,0,0
43,36,0,0
43,37,0,0
43,38,0,0
43,39,0,0
43,40,0,0
43,41,0,0
43,42,0,0
43,43,0,0
43,44,0,0
43,45,0,0
43,46,0,0
43,47,0,0
43,48,0,0
43,49,0,0
43,50,0,0
43,51,0,0
43,52,0,0
43,53,0,0
43,54,0,0
43,55,0,0
43,56,0,0
43,57,0,0
43,58,0,0
43,59,0,0
43,60,0,0
43,61,0,0
43,62,0,0
43,63,0,0
43,64,0,0
43,65,0,0
43,66,0,0
43,67,0,0
43,68,0,0
43,69,0,0
43,70,0,0
43,71,0,0
43,72,0,0
43,73,0,0
43,74,0,0
43,75,0,0
43,76,0,0
43,77,0,0
43,78,0,0
43,79,0,0
43,80,0,0
43,81,0,0
43,82,0,0
43,83,0,0
44,1,0,0
44,2,0,0
44,3,0,0
44,4,0,0
44,5,0,0
44,6,0,0
44,7,0,0
44,8,0,0
44,9,0,0
44,10,0,0
44,11,0,0
44,12,0,0
44,13,0,0
44,14,0,0
44,15,0,0
44,16,0,0
44,17,0,0
44,18,0,0
44,19,0,0
44,20,0,0
44,21,0,0
44,22,0,0
44,23,0,0
44,24,0,0
44,25,0,0
44,26,0,0
44,27,0,0
44,28,0,0
44,29,0,0
44,30,0,0
44,31,0,0
44,32,0,0
44,33,0,0
44,34,0,0
44,35,0,0
44,36,0,0
44,37,0,0
44,38,0,0
44,39,0,0
44,40,0,0
44,41,0,0
44,42,0,0
44,43,0,0
44,44,0,0
44,45,0,0
44,46,0,0
44,47,0,0
44,48,0,0
44,49,0,0
44,50,0,0
44,51,0,0
44,52,0,0
44,53,0,0
44,54,0,0
44,55,0,0
44,56,0,0
44,57,0,0
44,58,0,0
44,59,0,0
44,60,0,0
44,61,0,0
44,62,0,0
44,63,0,0
44,64,0,0
44,65,0,0
44,66,0,0
44,67,0,0
44,68,0,0
44,69,0,0
44,70,0,0
44,71,0,0
44,72,0,0
44,73,0,0
44,74,0,0
44,75,0,0
44,76,0,0
44,77,0,0
44,78,0,0
44,79,0,0
44,80,0,0
44,81,0,0
44,82,0,0
44,83,0,0
45,1,0,0
45,2,0,0
45,3,0,0
45,4,0,0
45,5,0,0
45,6,0,0
45,7,0,0
45,8,0,0
45,9,0,0
45,10,0,0
45,11,0,0
45,12,0,0
45,13,0,0
45,14,0,0
45,15,0,0
45,16,0,0
45,17,0,0
45,18,0,0
45,19,0,0
45,20,0,0
45,21,0,0
45,22,0,0
45,23,0,0
45,24,0,0
45,25,0,0
45,26,0,0
45,27,0,0
45,28,0,0
45,29,0,0
45,30,0,0
45,31,0,0
45,32,0,0
45,33,0,0
45,34,0,0
45,35,0,0
45,36,0,0
45,37,0,0
45,38,0,0
45,39,0,0
45,40,0,0
45,41,0,0
45,42,0,0
45,43,0,0
45,44,0,0
45,45,0,0
45,46,0,0
45,47,0,0
45,48,0,0
45,49,0,0
45,50,0,0
45,51,0,0
45,52,0,0
45,53,0,0
45,54,0,0
45,55,0,0
45,56,0,0
45,57,0,0
45,58,0,0
45,59,0,0
45,60,0,0
45,61,0,0
45,62,0,0
45,63,0,0
45,64,0,0
45,65,0,0
45,66,0,0
45,67,0,0
45,68,0,0
45,69,0,0
45,70,0,0
45,71,0,0
45,72,0,0
45,73,0,0
45,74,0,0
45,75,0,0
45,76,0,0
45,77,0,0
45,78,0,0
45,79,0,0
45,80,0,0
45,81,0,0
45,82,0,0
45,83,0,0
46,1,0,0
46,2,0,0
46,3,0,0
46,4,0,0
46,5,0,0
46,6,0,0
46,7,0,0
46,8,0,0
46,9,0,0
46,10,0,0
46,11,0,0
46,12,0,0
46,13,0,0
46,14,0,0
46,15,0,0
46,16,0,0
46,17,0,0
46,18,0,0
46,19,0,0
46,20,0,0
46,21,0,0
46,22,0,0
46,23,0,0
46,24,0,0
46,25,0,0
46,26,0,0
46,27,0,0
46,28,0,0
46,29,0,0
46,30,0,0
46,31,0,0
46,32,0,0
46,33,0,0
46,34,0,0
46,35,0,0
46,36,0,0
46,37,0,0
46,38,0,0
46,39,0,0
46,40,0,0
46,41,0,0
46,42,0,0
46,43,0,0
46,44,0,0
46,45,0,0
46,46,0,0
46,47,0,0
46,48,0,0
46,49,0,0
46,50,0,0
46,51,0,0
46,52,0,0
46,53,0,0
46,54,0,0
46,55,0,0
46,56,0,0
46,57,0,0
46,58,0,0
46,59,0,0
46,60,0,0
46,61,0,0
46,62,0,0
46,63,0,0
46,64,0,0
46,65,0,0
46,66,0,0
46,67,0,0
46,68,0,0
46,69,0,0
46,70,0,0
46,71,0,0
46,72,0,0
46,73,0,0
46,74,0,0
46,75,0,0
46,76,0,0
46,77,0,0
46,78,0,0
46,79,0,0
46,80,0,0
46,81,0,0
46,82,0,0
46,83,0,0
47,1,0,0
47,2,0,0
47,3,0,0
47,4,0,0
47,5,0,0
47,6,0,0
47,7,0,0
47,8,0,0
47,9,0,0
47,10,0,0
47,11,0,0
47,12,0,0
47,13,0,0
47,14,0,0
47,15,0,0
47,16,0,0
47,17,0,0
47,18,0,0
47,19,0,0
47,20,0,0
47,21,0,0
47,22,0,0
47,23,0,0
47,24,0,0
47,25,0,0
47,26,0,0
47,27,0,0
47,28,0,0
47,29,0,0
47,30,0,0
47,31,0,0
47,32,0,0
47,33,0,0
47,34,0,0
47,35,0,0
47,36,0,0
47,37,0,0
47,38,0,0
47,39,0,0
47,40,0,0
47,41,0,0
47,42,0,0
47,43,0,0
47,44,0,0
47,45,0,0
47,46,0,0
47,47,0,0
47,48,0,0
47,49,0,0
47,50,0,0
47,51,0,0
47,52,0,0
47,53,0,0
47,54,0,0
47,55,0,0
47,56,0,0
47,57,0,0
47,58,0,0
47,59,0,0
47,60,0,0
47,61,0,0
47,62,0,0
47,63,0,0
47,64,0,0
47,65,0,0
47,66,0,0
47,67,0,0
47,68,0,0
47,69,0,0
47,70,0,0
47,71,0,0
47,72,0,0
47,73,0,0
47,74,0,0
47,75,0,0
47,76,0,0
47,77,0,0
47,78,0,0
47,79,0,0
47,80,0,0
47,81,0,0
47,82,0,0
47,83,0,0
48,1,2.62875,11.9142
48,2,0,0
48,3,0,0
48,4,0,0
48,5,0,0
48,6,1.42568,0.60344
48,7,0.97042,0.18066
48,8,1.69667,0.92615
48,9,2.31214,1.35366
48,10,0,0
48,11,0,0
48,12,0,0
48,13,0,0
48,14,1.37122,2.25335
48,15,0,0
48,16,1.1822,0.36139
48,17,0.94355,0.14042
48,18,0,0
48,19,0,0
48,20,0,0
48,21,0,0
48,22,0,0
48,23,0,0
48,24,0,0
48,25,0,0
48,26,0,0
48,27,0,0
48,28,0,0
48,29,0,0
48,30,0,0
48,31,0,0
48,32,0,0
48,33,0,0
48,34,0,0
48,35,1.00145,0.27227
48,36,0,0
48,37,0,0
48,38,0,0
48,39,0,0
48,40,0,0
48,41,0,0
48,42,0,0
48,43,0,0
48,44,0,0
48,45,0,0
48,46,0,0
48,47,0,0
48,48,1.56404,18.618
48,49,0,0
48,50,0,0
48,51,0,0
48,52,0,0
48,53,0,0
48,54,0,0
48,55,0,0
48,56,0,0
48,57,0,0
48,58,0,0
48,59,0,0
48,60,0,0
48,61,0,0
48,62,0,0
48,63,0,0
48,64,0,0
48,65,0,0
48,66,0,0
48,67,0,0
48,68,0,0
48,69,0,0
48,70,0,0
48,71,0,0
48,72,0,0
48,73,0,0
48,74,0,0
48,75,0,0
48,76,0,0
48,77,0,0
48,78,0,0
48,79,0,0
48,80,0,0
48,81,0,0
48,82,0,0
48,83,0,0
49,1,3.06414,14.97529
49,2,0,0
49,3,0,0
49,4,0,0
49,5,0,0
49,6,2.18927,2.18738
49,7,2.46987,3.36999
49,8,2.66209,4.12858
49,9,2.9488,3.70102
49,10,0,0
49,11,0,0
49,12,0,0
49,13,0,0
49,14,0,0
49,15,0,0
49,16,2.54213,6.3411
49,17,2.2334,2.38855
49,18,0,0
49,19,0,0
49,20,0,0
49,21,0,0
49,22,0,0
49,23,0,0
49,24,0,0
49,25,0,0
49,26,0,0
49,27,0,0
49,28,0,0
49,29,0,0
49,30,0,0
49,31,1.62887,2.42199
49,32,0,0
49,33,2.29955,6.20835
49,34,1.90657,2.31932
49,35,2.25796,3.7286
49,36,0,0
49,37,0,0
49,38,0,0
49,39,0,0
49,40,0,0
49,41,0,0
49,42,0,0
49,43,0,0
49,44,0,0
49,45,0,0
49,46,0,0
49,47,0,0
49,48,0,0
49,49,2.07324,8.06349
49,50,0,0
49,51,0,0
49,52,0,0
49,53,0,0
49,54,0,0
49,55,0,0
49,56,0,0
49,57,0,0
49,58,0,0
49,59,0,0
49,60,0,0
49,61,0,0
49,62,0,0
49,63,0,0
49,64,0,0
49,65,0,0
49,66,0,0
49,67,0,0
49,68,0,0
49,69,0,0
49,70,0,0
49,71,0,0
49,72,0,0
49,73,0,0
49,74,0,0
49,75,0,0
49,76,0,0
49,77,0,0
49,78,0,0
49,79,0,0
49,80,0,0
49,81,0,0
49,82,0,0
49,83,0,0
50,1,2.64891,6.53516
50,2,0,0
50,3,0,0
50,4,0,0
50,5,0,0
50,6,2.44054,3.37435
50,7,2.08559,1.3919
50,8,2.72726,4.37402
50,9,3.72429,18.59866
50,10,0,0
50,11,0,0
50,12,0,0
50,13,0,0
50,14,0,0
50,15,0,0
50,16,2.13154,2.31487
50,17,1.77152,0.80778
50,18,0,0
50,19,0,0
50,20,0,0
50,21,0,0
50,22,0,0
50,23,0,0
50,24,0,0
50,25,0,0
50,26,0,0
50,27,0,0
50,28,0,0
50,29,0,0
50,30,0,0
50,31,0,0
50,32,2.52463,12.34341
50,33,0,0
50,34,2.12738,3.06189
50,35,1.53509,0.6688
50,36,0,0
50,37,0,0
50,38,0,0
50,39,0,0
50,40,0,0
50,41,0,0
50,42,0,0
50,43,0,0
50,44,0,0
50,45,0,0
50,46,0,0
50,47,0,0
50,48,0,0
50,49,0,0
50,50,0.921,0.287
50,51,0,0
50,52,0,0
50,53,0,0
50,54,0,0
50,55,0,0
50,56,0,0
50,57,0,0
50,58,0,0
50,59,0,0
50,60,0,0
50,61,0,0
50,62,0,0
50,63,0,0
50,64,0,0
50,65,0,0
50,66,0,0
50,67,0,0
50,68,0,0
50,69,0,0
50,70,0,0
50,71,0,0
50,72,0,0
50,73,0,0
50,74,0,0
50,75,0,0
50,76,0,0
50,77,0,0
50,78,0,0
50,79,0,0
50,80,0,0
50,81,0,0
50,82,0,0
50,83,0,0
51,1,1.57127,0.79534
51,2,0,0
51,3,0,0
51,4,0,0
51,5,0,0
51,6,1.69621,0.57921
51,7,0.67612,0.08206
51,8,1.84638,0.63423
51,9,2.18292,0.65028
51,10,0,0
51,11,0,0
51,12,0,0
51,13,1.42264,1.61669
51,14,2.68659,8.71375
51,15,0,0
51,16,1.41884,0.39697
51,17,1.11729,0.15648
51,18,0,0
51,19,0,0
51,20,0,0
51,21,0,0
51,22,0,0
51,23,0,0
51,24,0,0
51,25,2.40032,2.23671
51,26,0,0
51,27,2.20463,2.27605
51,28,0,0
51,29,0,0
51,30,0,0
51,31,0,0
51,32,0,0
51,33,0,0
51,34,0,0
51,35,1.06392,0.19804
51,36,0,0
51,37,0,0
51,38,0,0
51,39,0,0
51,40,0,0
51,41,0,0
51,42,0,0
51,43,2.20485,2.27626
51,44,2.20435,2.27576
51,45,2.20493,2.27634
51,46,0,0
51,47,0,0
51,48,0,0
51,49,2.14193,6.6608
51,50,0,0
51,51,1.34854,0.72489
51,52,0,0
51,53,0,0
51,54,0,0
51,55,0,0
51,56,0,0
51,57,0,0
51,58,0,0
51,59,0,0
51,60,0,0
51,61,0,0
51,62,0,0
51,63,0,0
51,64,0,0
51,65,0,0
51,66,0,0
51,67,0,0
51,68,0,0
51,69,0,0
51,70,0,0
51,71,0,0
51,72,0,0
51,73,0,0
51,74,0,0
51,75,0,0
51,76,0,0
51,77,0,0
51,78,0,0
51,79,0,0
51,80,0,0
51,81,0,0
51,82,0,0
51,83,0,0
52,1,2.03913,1.80768
52,2,0,0
52,3,0,0
52,4,0,0
52,5,0,0
52,6,1.99282,0.97049
52,7,1.72227,0.35859
52,8,1.85306,0.38293
52,9,1.99858,2.10681
52,10,0,0
52,11,0,0
52,12,0,0
52,13,1.38754,2.10681
52,14,0,0
52,15,1.45372,1.10929
52,16,1.83017,0.94393
52,17,1.30026,0.28548
52,18,0,0
52,19,0,0
52,20,0,0
52,21,0,0
52,22,0,0
52,23,0,0
52,24,0,0
52,25,0,0
52,26,0,0
52,27,0,0
52,28,0,0
52,29,0,0
52,30,1.21893,1.75607
52,31,0,0
52,32,2.34237,7.01905
52,33,1.18925,0.68577
52,34,1.56601,1.18783
52,35,1.25094,0.3942
52,36,0,0
52,37,0,0
52,38,0,0
52,39,0,0
52,40,0,0
52,41,0,0
52,42,0,0
52,43,0,0
52,44,0,0
52,45,0,0
52,46,0,0
52,47,0,0
52,48,1.30726,1.08592
52,49,1.54099,2.03958
52,50,1.76394,2.95198
52,51,0,0
52,52,1.16498,0.64249
52,53,0,0
52,54,0,0
52,55,0,0
52,56,0,0
52,57,0,0
52,58,0,0
52,59,0,0
52,60,0,0
52,61,0,0
52,62,0,0
52,63,0,0
52,64,0,0
52,65,0,0
52,66,0,0
52,67,0,0
52,68,0,0
52,69,0,0
52,70,0,0
52,71,0,0
52,72,0,0
52,73,0,0
52,74,0,0
52,75,0,0
52,76,0,0
52,77,0,0
52,78,0,0
52,79,0,0
52,80,0,0
52,81,0,0
52,82,0,0
52,83,0,0
53,1,2.13991,0.9819
53,2,2.17298,1.63072
53,3,2.12125,1.63072
53,4,2.28802,2.3519
53,5,2.66761,3.16139
53,6,2.06871,0.81016
53,7,1.67752,0.2649
53,8,2.28892,0.8662
53,9,2.20358,0.39243
53,10,2.41441,1.50357
53,11,1.40309,1.98611
53,12,2.04514,3.27691
53,13,1.81607,2.92908
53,14,1.55958,0.7003
53,15,2.13159,3.04721
53,16,1.85511,0.70993
53,17,1.57416,0.31047
53,18,1.57659,0.30537
53,19,1.53971,4.82435
53,20,2.19649,7.68992
53,21,1.81488,3.11428
53,22,1.93347,2.42675
53,23,2.68352,0
53,24,2.63422,2.59859
53,25,2.2666,1.19341
53,26,1.91283,0.53262
53,27,3.2352,1.10524
53,28,1.08534,0.01746
53,29,0.8343,0.00678
53,30,1.39476,0.97661
53,31,1.67173,1.25217
53,32,1.81743,1.32327
53,33,1.24526,0.31082
53,34,0,0
53,35,1.57938,0.48305
53,36,1.23857,0.20114
53,37,1.43267,4.09245
53,38,1.26204,2.10394
53,39,1.27911,1.0214
53,40,1.99518,4.51394
53,41,1.96725,2.3993
53,42,0.94846,0.1247
53,43,1.29231,0.11059
53,44,3.9532,7.83771
53,45,3.70817,2.35794
53,46,5.14454,3.52202
53,47,2.59316,0.0489
53,48,0.99624,0.39678
53,49,2.35176,5.94782
53,50,1.85563,1.78316
53,51,1.15532,0.31819
53,52,1.49395,1.10112
53,53,1.51992,0.51054
53,54,0,0
53,55,0,0
53,56,0,0
53,57,0,0
53,58,0,0
53,59,0,0
53,60,0,0
53,61,0,0
53,62,0,0
53,63,0,0
53,64,0,0
53,65,0,0
53,66,0,0
53,67,0,0
53,68,0,0
53,69,0,0
53,70,0,0
53,71,0,0
53,72,0,0
53,73,0,0
53,74,0,0
53,75,0,0
53,76,0,0
53,77,0,0
53,78,0,0
53,79,0,0
53,80,0,0
53,81,0,0
53,82,0,0
53,83,0,0
54,1,1.35686,0.70102
54,2,2.49783,2.59947
54,3,2.4669,4.58208
54,4,6,0.66053
54,5,5.05196,1.10061
54,6,1.70444,0.82673
54,7,1.93295,0.92562
54,8,0.83923,0.03536
54,9,1.12881,0.06501
54,10,1.3302,0.29386
54,11,2.103,8.3682
54,12,2.69841,9.72357
54,13,2.41204,7.40447
54,14,3.08706,16.092
54,15,0,0
54,16,0,0
54,17,1.5464,0.46376
54,18,0.59152,0.04927
54,19,1.17125,1.22489
54,20,1.51065,1.71712
54,21,0,0
54,22,0,0
54,23,0,0
54,24,0,0
54,25,0,0
54,26,0,0
54,27,0,0
54,28,0,0
54,29,0,0
54,30,0,0
54,31,0,0
54,32,0,0
54,33,0,0
54,34,0,0
54,35,1.43962,0.47512
54,36,0.55156,0.04979
54,37,1.08782,0.97496
54,38,0,0
54,39,0,0
54,40,0,0
54,41,0,0
54,42,0,0
54,43,0,0
54,44,0,0
54,45,0,0
54,46,0,0
54,47,0,0
54,48,0,0
54,49,0,0
54,50,0,0
54,51,0,0
54,52,0,0
54,53,0.79915,0.11209
54,54,1.24476,0.34447
54,55,0,0
54,56,0,0
54,57,0,0
54,58,0,0
54,59,0,0
54,60,0,0
54,61,0,0
54,62,0,0
54,63,0,0
54,64,0,0
54,65,0,0
54,66,0,0
54,67,0,0
54,68,0,0
54,69,0,0
54,70,0,0
54,71,0,0
54,72,0,0
54,73,0,0
54,74,0,0
54,75,0,0
54,76,0,0
54,77,0,0
54,78,0,0
54,79,0,0
54,80,0,0
54,81,0,0
54,82,0,0
54,83,0,0
55,1,0.26488,0.0969
55,2,0,0
55,3,0,0
55,4,0,0
55,5,1.48711,10.39261
55,6,2.1471,24.51462
55,7,2.44653,29.71108
55,8,2.08514,8.17684
55,9,2.8341,22.23342
55,10,0,0
55,11,0,0
55,12,0,0
55,13,0,0
55,14,0,0
55,15,2.92495,0.50651
55,16,0.28941,0.09174
55,17,1.67366,4.53196
55,18,0,0
55,19,0,0
55,20,0,0
55,21,0,0
55,22,0,0
55,23,0,0
55,24,0,0
55,25,0,0
55,26,0,0
55,27,0,0
55,28,0,0
55,29,0,0
55,30,0,0
55,31,0,0
55,32,0,0
55,33,0,0
55,34,0,0
55,35,1.16719,1.65843
55,36,0,0
55,37,0,0
55,38,0,0
55,39,0,0
55,40,0,0
55,41,0,0
55,42,0,0
55,43,0,0
55,44,0,0
55,45,0,0
55,46,0,0
55,47,0,0
55,48,0,0
55,49,0,0
55,50,0,0
55,51,0,0
55,52,0,0
55,53,0.91956,1.07218
55,54,0,0
55,55,1.17084,25.32005
55,56,0,0
55,57,0,0
55,58,0,0
55,59,0,0
55,60,0,0
55,61,0,0
55,62,0,0
55,63,0,0
55,64,0,0
55,65,0,0
55,66,0,0
55,67,0,0
55,68,0,0
55,69,0,0
55,70,0,0
55,71,0,0
55,72,0,0
55,73,0,0
55,74,0,0
55,75,0,0
55,76,0,0
55,77,0,0
55,78,0,0
55,79,0,0
55,80,0,0
55,81,0,0
55,82,0,0
55,83,0,0
56,1,6.00014,2.04
56,2,0,0
56,3,0,0
56,4,0,0
56,5,0,0
56,6,0.77063,0.11979
56,7,1.14823,0.20793
56,8,1.28302,0.34895
56,9,3.00062,5.57526
56,10,0,0
56,11,0,0
56,12,0,0
56,13,2.10592,9.5391
56,14,1.24042,1.21266
56,15,0,0
56,16,0.70519,0.21539
56,17,1.07104,0.16018
56,18,0,0
56,19,0,0
56,20,0,0
56,21,0,0
56,22,2.17604,9.49353
56,23,0,0
56,24,0,0
56,25,0,0
56,26,0,0
56,27,0,0
56,28,0,0
56,29,0,0
56,30,0,0
56,31,0,0
56,32,0,0
56,33,0,0
56,34,0,0
56,35,1.19035,0.82879
56,36,0,0
56,37,0,0
56,38,0,0
56,39,0,0
56,40,0,0
56,41,0,0
56,42,0,0
56,43,0,0
56,44,0,0
56,45,0,0
56,46,0,0
56,47,0,0
56,48,0,0
56,49,0,0
56,50,0,0
56,51,0,0
56,52,0,0
56,53,0.98253,0.8356
56,54,0,0
56,55,0,0
56,56,0.33927,0.35619
56,57,0,0
56,58,0,0
56,59,0,0
56,60,0,0
56,61,0,0
56,62,0,0
56,63,0,0
56,64,0,0
56,65,0,0
56,66,0,0
56,67,0,0
56,68,0,0
56,69,0,0
56,70,0,0
56,71,0,0
56,72,0,0
56,73,0,0
56,74,0,0
56,75,0,0
56,76,0,0
56,77,0,0
56,78,0,0
56,79,0,0
56,80,0,0
56,81,0,0
56,82,0,0
56,83,0,0
57,1,0,0
57,2,0,0
57,3,0,0
57,4,0,0
57,5,0,0
57,6,0,0
57,7,0,0
57,8,0,0
57,9,0,0
57,10,0,0
57,11,0,0
57,12,0,0
57,13,0,0
57,14,0,0
57,15,0,0
57,16,0,0
57,17,0,0
57,18,0,0
57,19,0,0
57,20,0,0
57,21,0,0
57,22,0,0
57,23,0,0
57,24,0,0
57,25,0,0
57,26,0,0
57,27,0,0
57,28,0,0
57,29,0,0
57,30,0,0
57,31,0,0
57,32,0,0
57,33,0,0
57,34,0,0
57,35,0,0
57,36,0,0
57,37,0,0
57,38,0,0
57,39,0,0
57,40,0,0
57,41,0,0
57,42,0,0
57,43,0,0
57,44,0,0
57,45,0,0
57,46,0,0
57,47,0,0
57,48,0,0
57,49,0,0
57,50,0,0
57,51,0,0
57,52,0,0
57,53,0,0
57,54,0,0
57,55,0,0
57,56,0,0
57,57,0,0
57,58,0,0
57,59,0,0
57,60,0,0
57,61,0,0
57,62,0,0
57,63,0,0
57,64,0,0
57,65,0,0
57,66,0,0
57,67,0,0
57,68,0,0
57,69,0,0
57,70,0,0
57,71,0,0
57,72,0,0
57,73,0,0
57,74,0,0
57,75,0,0
57,76,0,0
57,77,0,0
57,78,0,0
57,79,0,0
57,80,0,0
57,81,0,0
57,82,0,0
57,83,0,0
58,1,0,0
58,2,0,0
58,3,0,0
58,4,0,0
58,5,0,0
58,6,0,0
58,7,0,0
58,8,0,0
58,9,0,0
58,10,0,0
58,11,0,0
58,12,0,0
58,13,0,0
58,14,0,0
58,15,0,0
58,16,0,0
58,17,0,0
58,18,0,0
58,19,0,0
58,20,0,0
58,21,0,0
58,22,0,0
58,23,0,0
58,24,0,0
58,25,0,0
58,26,0,0
58,27,0,0
58,28,0,0
58,29,0,0
58,30,0,0
58,31,0,0
58,32,0,0
58,33,0,0
58,34,0,0
58,35,0,0
58,36,0,0
58,37,0,0
58,38,0,0
58,39,0,0
58,40,0,0
58,41,0,0
58,42,0,0
58,43,0,0
58,44,0,0
58,45,0,0
58,46,0,0
58,47,0,0
58,48,0,0
58,49,0,0
58,50,0,0
58,51,0,0
58,52,0,0
58,53,0,0
58,54,0,0
58,55,0,0
58,56,0,0
58,57,0,0
58,58,0,0
58,59,0,0
58,60,0,0
58,61,0,0
58,62,0,0
58,63,0,0
58,64,0,0
58,65,0,0
58,66,0,0
58,67,0,0
58,68,0,0
58,69,0,0
58,70,0,0
58,71,0,0
58,72,0,0
58,73,0,0
58,74,0,0
58,75,0,0
58,76,0,0
58,77,0,0
58,78,0,0
58,79,0,0
58,80,0,0
58,81,0,0
58,82,0,0
58,83,0,0
59,1,0,0
59,2,0,0
59,3,0,0
59,4,0,0
59,5,0,0
59,6,0,0
59,7,0,0
59,8,0,0
59,9,0,0
59,10,0,0
59,11,0,0
59,12,0,0
59,13,0,0
59,14,0,0
59,15,0,0
59,16,0,0
59,17,0,0
59,18,0,0
59,19,0,0
59,20,0,0
59,21,0,0
59,22,0,0
59,23,0,0
59,24,0,0
59,25,0,0
59,26,0,0
59,27,0,0
59,28,0,0
59,29,0,0
59,30,0,0
59,31,0,0
59,32,0,0
59,33,0,0
59,34,0,0
59,35,0,0
59,36,0,0
59,37,0,0
59,38,0,0
59,39,0,0
59,40,0,0
59,41,0,0
59,42,0,0
59,43,0,0
59,44,0,0
59,45,0,0
59,46,0,0
59,47,0,0
59,48,0,0
59,49,0,0
59,50,0,0
59,51,0,0
59,52,0,0
59,53,0,0
59,54,0,0
59,55,0,0
59,56,0,0
59,57,0,0
59,58,0,0
59,59,0,0
59,60,0,0
59,61,0,0
59,62,0,0
59,63,0,0
59,64,0,0
59,65,0,0
59,66,0,0
59,67,0,0
59,68,0,0
59,69,0,0
59,70,0,0
59,71,0,0
59,72,0,0
59,73,0,0
59,74,0,0
59,75,0,0
59,76,0,0
59,77,0,0
59,78,0,0
59,79,0,0
59,80,0,0
59,81,0,0
59,82,0,0
59,83,0,0
60,1,0,0
60,2,0,0
60,3,0,0
60,4,0,0
60,5,0,0
60,6,0,0
60,7,0,0
60,8,0,0
60,9,0,0
60,10,0,0
60,11,0,0
60,12,0,0
60,13,0,0
60,14,0,0
60,15,0,0
60,16,0,0
60,17,0,0
60,18,0,0
60,19,0,0
60,20,0,0
60,21,0,0
60,22,0,0
60,23,0,0
60,24,0,0
60,25,0,0
60,26,0,0
60,27,0,0
60,28,0,0
60,29,0,0
60,30,0,0
60,31,0,0
60,32,0,0
60,33,0,0
60,34,0,0
60,35,0,0
60,36,0,0
60,37,0,0
60,38,0,0
60,39,0,0
60,40,0,0
60,41,0,0
60,42,0,0
60,43,0,0
60,44,0,0
60,45,0,0
60,46,0,0
60,47,0,0
60,48,0,0
60,49,0,0
60,50,0,0
60,51,0,0
60,52,0,0
60,53,0,0
60,54,0,0
60,55,0,0
60,56,0,0
60,57,0,0
60,58,0,0
60,59,0,0
60,60,0,0
60,61,0,0
60,62,0,0
60,63,0,0
60,64,0,0
60,65,0,0
60,66,0,0
60,67,0,0
60,68,0,0
60,69,0,0
60,70,0,0
60,71,0,0
60,72,0,0
60,73,0,0
60,74,0,0
60,75,0,0
60,76,0,0
60,77,0,0
60,78,0,0
60,79,0,0
60,80,0,0
60,81,0,0
60,82,0,0
60,83,0,0
61,1,0,0
61,2,0,0
61,3,0,0
61,4,0,0
61,5,0,0
61,6,0,0
61,7,0,0
61,8,0,0
61,9,0,0
61,10,0,0
61,11,0,0
61,12,0,0
61,13,0,0
61,14,0,0
61,15,0,0
61,16,0,0
61,17,0,0
61,18,0,0
61,19,0,0
61,20,0,0
61,21,0,0
61,22,0,0
61,23,0,0
61,24,0,0
61,25,0,0
61,26,0,0
61,27,0,0
61,28,0,0
61,29,0,0
61,30,0,0
61,31,0,0
61,32,0,0
61,33,0,0
61,34,0,0
61,35,0,0
61,36,0,0
61,37,0,0
61,38,0,0
61,39,0,0
61,40,0,0
61,41,0,0
61,42,0,0
61,43,0,0
61,44,0,0
61,45,0,0
61,46,0,0
61,47,0,0
61,48,0,0
61,49,0,0
61,50,0,0
61,51,0,0
61,52,0,0
61,53,0,0
61,54,0,0
61,55,0,0
61,56,0,0
61,57,0,0
61,58,0,0
61,59,0,0
61,60,0,0
61,61,0,0
61,62,0,0
61,63,0,0
61,64,0,0
61,65,0,0
61,66,0,0
61,67,0,0
61,68,0,0
61,69,0,0
61,70,0,0
61,71,0,0
61,72,0,0
61,73,0,0
61,74,0,0
61,75,0,0
61,76,0,0
61,77,0,0
61,78,0,0
61,79,0,0
61,80,0,0
61,81,0,0
61,82,0,0
61,83,0,0
62,1,0,0
62,2,0,0
62,3,0,0
62,4,0,0
62,5,0,0
62,6,0,0
62,7,0,0
62,8,0,0
62,9,0,0
62,10,0,0
62,11,0,0
62,12,0,0
62,13,0,0
62,14,0,0
62,15,0,0
62,16,0,0
62,17,0,0
62,18,0,0
62,19,0,0
62,20,0,0
62,21,0,0
62,22,0,0
62,23,0,0
62,24,0,0
62,25,0,0
62,26,0,0
62,27,0,0
62,28,0,0
62,29,0,0
62,30,0,0
62,31,0,0
62,32,0,0
62,33,0,0
62,34,0,0
62,35,0,0
62,36,0,0
62,37,0,0
62,38,0,0
62,39,0,0
62,40,0,0
62,41,0,0
62,42,0,0
62,43,0,0
62,44,0,0
62,45,0,0
62,46,0,0
62,47,0,0
62,48,0,0
62,49,0,0
62,50,0,0
62,51,0,0
62,52,0,0
62,53,0,0
62,54,0,0
62,55,0,0
62,56,0,0
62,57,0,0
62,58,0,0
62,59,0,0
62,60,0,0
62,61,0,0
62,62,0,0
62,63,0,0
62,64,0,0
62,65,0,0
62,66,0,0
62,67,0,0
62,68,0,0
62,69,0,0
62,70,0,0
62,71,0,0
62,72,0,0
62,73,0,0
62,74,0,0
62,75,0,0
62,76,0,0
62,77,0,0
62,78,0,0
62,79,0,0
62,80,0,0
62,81,0,0
62,82,0,0
62,83,0,0
63,1,0,0
63,2,0,0
63,3,0,0
63,4,0,0
63,5,0,0
63,6,0,0
63,7,0,0
63,8,0,0
63,9,0,0
63,10,0,0
63,11,0,0
63,12,0,0
63,13,0,0
63,14,0,0
63,15,0,0
63,16,0,0
63,17,0,0
63,18,0,0
63,19,0,0
63,20,0,0
63,21,0,0
63,22,0,0
63,23,0,0
63,24,0,0
63,25,0,0
63,26,0,0
63,27,0,0
63,28,0,0
63,29,0,0
63,30,0,0
63,31,0,0
63,32,0,0
63,33,0,0
63,34,0,0
63,35,0,0
63,36,0,0
63,37,0,0
63,38,0,0
63,39,0,0
63,40,0,0
63,41,0,0
63,42,0,0
63,43,0,0
63,44,0,0
63,45,0,0
63,46,0,0
63,47,0,0
63,48,0,0
63,49,0,0
63,50,0,0
63,51,0,0
63,52,0,0
63,53,0,0
63,54,0,0
63,55,0,0
63,56,0,0
63,57,0,0
63,58,0,0
63,59,0,0
63,60,0,0
63,61,0,0
63,62,0,0
63,63,0,0
63,64,0,0
63,65,0,0
63,66,0,0
63,67,0,0
63,68,0,0
63,69,0,0
63,70,0,0
63,71,0,0
63,72,0,0
63,73,0,0
63,74,0,0
63,75,0,0
63,76,0,0
63,77,0,0
63,78,0,0
63,79,0,0
63,80,0,0
63,81,0,0
63,82,0,0
63,83,0,0
64,1,0,0
64,2,0,0
64,3,0,0
64,4,0,0
64,5,0,0
64,6,0,0
64,7,0,0
64,8,0,0
64,9,0,0
64,10,0,0
64,11,0,0
64,12,0,0
64,13,0,0
64,14,0,0
64,15,0,0
64,16,0,0
64,17,0,0
64,18,0,0
64,19,0,0
64,20,0,0
64,21,0,0
64,22,0,0
64,23,0,0
64,24,0,0
64,25,0,0
64,26,0,0
64,27,0,0
64,28,0,0
64,29,0,0
64,30,0,0
64,31,0,0
64,32,0,0
64,33,0,0
64,34,0,0
64,35,0,0
64,36,0,0
64,37,0,0
64,38,0,0
64,39,0,0
64,40,0,0
64,41,0,0
64,42,0,0
64,43,0,0
64,44,0,0
64,45,0,0
64,46,0,0
64,47,0,0
64,48,0,0
64,49,0,0
64,50,0,0
64,51,0,0
64,52,0,0
64,53,0,0
64,54,0,0
64,55,0,0
64,56,0,0
64,57,0,0
64,58,0,0
64,59,0,0
64,60,0,0
64,61,0,0
64,62,0,0
64,63,0,0
64,64,0,0
64,65,0,0
64,66,0,0
64,67,0,0
64,68,0,0
64,69,0,0
64,70,0,0
64,71,0,0
64,72,0,0
64,73,0,0
64,74,0,0
64,75,0,0
64,76,0,0
64,77,0,0
64,78,0,0
64,79,0,0
64,80,0,0
64,81,0,0
64,82,0,0
64,83,0,0
65,1,0,0
65,2,0,0
65,3,0,0
65,4,0,0
65,5,0,0
65,6,0,0
65,7,0,0
65,8,0,0
65,9,0,0
65,10,0,0
65,11,0,0
65,12,0,0
65,13,0,0
65,14,0,0
65,15,0,0
65,16,0,0
65,17,0,0
65,18,0,0
65,19,0,0
65,20,0,0
65,21,0,0
65,22,0,0
65,23,0,0
65,24,0,0
65,25,0,0
65,26,0,0
65,27,0,0
65,28,0,0
65,29,0,0
65,30,0,0
65,31,0,0
65,32,0,0
65,33,0,0
65,34,0,0
65,35,0,0
65,36,0,0
65,37,0,0
65,38,0,0
65,39,0,0
65,40,0,0
65,41,0,0
65,42,0,0
65,43,0,0
65,44,0,0
65,45,0,0
65,46,0,0
65,47,0,0
65,48,0,0
65,49,0,0
65,50,0,0
65,51,0,0
65,52,0,0
65,53,0,0
65,54,0,0
65,55,0,0
65,56,0,0
65,57,0,0
65,58,0,0
65,59,0,0
65,60,0,0
65,61,0,0
65,62,0,0
65,63,0,0
65,64,0,0
65,65,0,0
65,66,0,0
65,67,0,0
65,68,0,0
65,69,0,0
65,70,0,0
65,71,0,0
65,72,0,0
65,73,0,0
65,74,0,0
65,75,0,0
65,76,0,0
65,77,0,0
65,78,0,0
65,79,0,0
65,80,0,0
65,81,0,0
65,82,0,0
65,83,0,0
66,1,0,0
66,2,0,0
66,3,0,0
66,4,0,0
66,5,0,0
66,6,0,0
66,7,0,0
66,8,0,0
66,9,0,0
66,10,0,0
66,11,0,0
66,12,0,0
66,13,0,0
66,14,0,0
66,15,0,0
66,16,0,0
66,17,0,0
66,18,0,0
66,19,0,0
66,20,0,0
66,21,0,0
66,22,0,0
66,23,0,0
66,24,0,0
66,25,0,0
66,26,0,0
66,27,0,0
66,28,0,0
66,29,0,0
66,30,0,0
66,31,0,0
66,32,0,0
66,33,0,0
66,34,0,0
66,35,0,0
66,36,0,0
66,37,0,0
66,38,0,0
66,39,0,0
66,40,0,0
66,41,0,0
66,42,0,0
66,43,0,0
66,44,0,0
66,45,0,0
66,46,0,0
66,47,0,0
66,48,0,0
66,49,0,0
66,50,0,0
66,51,0,0
66,52,0,0
66,53,0,0
66,54,0,0
66,55,0,0
66,56,0,0
66,57,0,0
66,58,0,0
66,59,0,0
66,60,0,0
66,61,0,0
66,62,0,0
66,63,0,0
66,64,0,0
66,65,0,0
66,66,0,0
66,67,0,0
66,68,0,0
66,69,0,0
66,70,0,0
66,71,0,0
66,72,0,0
66,73,0,0
66,74,0,0
66,75,0,0
66,76,0,0
66,77,0,0
66,78,0,0
66,79,0,0
66,80,0,0
66,81,0,0
66,82,0,0
66,83,0,0
67,1,0,0
67,2,0,0
67,3,0,0
67,4,0,0
67,5,0,0
67,6,0,0
67,7,0,0
67,8,0,0
67,9,0,0
67,10,0,0
67,11,0,0
67,12,0,0
67,13,0,0
67,14,0,0
67,15,0,0
67,16,0,0
67,17,0,0
67,18,0,0
67,19,0,0
67,20,0,0
67,21,0,0
67,22,0,0
67,23,0,0
67,24,0,0
67,25,0,0
67,26,0,0
67,27,0,0
67,28,0,0
67,29,0,0
67,30,0,0
67,31,0,0
67,32,0,0
67,33,0,0
67,34,0,0
67,35,0,0
67,36,0,0
67,37,0,0
67,38,0,0
67,39,0,0
67,40,0,0
67,41,0,0
67,42,0,0
67,43,0,0
67,44,0,0
67,45,0,0
67,46,0,0
67,47,0,0
67,48,0,0
67,49,0,0
67,50,0,0
67,51,0,0
67,52,0,0
67,53,0,0
67,54,0,0
67,55,0,0
67,56,0,0
67,57,0,0
67,58,0,0
67,59,0,0
67,60,0,0
67,61,0,0
67,62,0,0
67,63,0,0
67,64,0,0
67,65,0,0
67,66,0,0
67,67,0,0
67,68,0,0
67,69,0,0
67,70,0,0
67,71,0,0
67,72,0,0
67,73,0,0
67,74,0,0
67,75,0,0
67,76,0,0
67,77,0,0
67,78,0,0
67,79,0,0
67,80,0,0
67,81,0,0
67,82,0,0
67,83,0,0
68,1,0,0
68,2,0,0
68,3,0,0
68,4,0,0
68,5,0,0
68,6,0,0
68,7,0,0
68,8,0,0
68,9,0,0
68,10,0,0
68,11,0,0
68,12,0,0
68,13,0,0
68,14,0,0
68,15,0,0
68,16,0,0
68,17,0,0
68,18,0,0
68,19,0,0
68,20,0,0
68,21,0,0
68,22,0,0
68,23,0,0
68,24,0,0
68,25,0,0
68,26,0,0
68,27,0,0
68,28,0,0
68,29,0,0
68,30,0,0
68,31,0,0
68,32,0,0
68,33,0,0
68,34,0,0
68,35,0,0
68,36,0,0
68,37,0,0
68,38,0,0
68,39,0,0
68,40,0,0
68,41,0,0
68,42,0,0
68,43,0,0
68,44,0,0
68,45,0,0
68,46,0,0
68,47,0,0
68,48,0,0
68,49,0,0
68,50,0,0
68,51,0,0
68,52,0,0
68,53,0,0
68,54,0,0
68,55,0,0
68,56,0,0
68,57,0,0
68,58,0,0
68,59,0,0
68,60,0,0
68,61,0,0
68,62,0,0
68,63,0,0
68,64,0,0
68,65,0,0
68,66,0,0
68,67,0,0
68,68,0,0
68,69,0,0
68,70,0,0
68,71,0,0
68,72,0,0
68,73,0,0
68,74,0,0
68,75,0,0
68,76,0,0
68,77,0,0
68,78,0,0
68,79,0,0
68,80,0,0
68,81,0,0
68,82,0,0
68,83,0,0
69,1,0,0
69,2,0,0
69,3,0,0
69,4,0,0
69,5,0,0
69,6,0,0
69,7,0,0
69,8,0,0
69,9,0,0
69,10,0,0
69,11,0,0
69,12,0,0
69,13,0,0
69,14,0,0
69,15,0,0
69,16,0,0
69,17,0,0
69,18,0,0
69,19,0,0
69,20,0,0
69,21,0,0
69,22,0,0
69,23,0,0
69,24,0,0
69,25,0,0
69,26,0,0
69,27,0,0
69,28,0,0
69,29,0,0
69,30,0,0
69,31,0,0
69,32,0,0
69,33,0,0
69,34,0,0
69,35,0,0
69,36,0,0
69,37,0,0
69,38,0,0
69,39,0,0
69,40,0,0
69,41,0,0
69,42,0,0
69,43,0,0
69,44,0,0
69,45,0,0
69,46,0,0
69,47,0,0
69,48,0,0
69,49,0,0
69,50,0,0
69,51,0,0
69,52,0,0
69,53,0,0
69,54,0,0
69,55,0,0
69,56,0,0
69,57,0,0
69,58,0,0
69,59,0,0
69,60,0,0
69,61,0,0
69,62,0,0
69,63,0,0
69,64,0,0
69,65,0,0
69,66,0,0
69,67,0,0
69,68,0,0
69,69,0,0
69,70,0,0
69,71,0,0
69,72,0,0
69,73,0,0
69,74,0,0
69,75,0,0
69,76,0,0
69,77,0,0
69,78,0,0
69,79,0,0
69,80,0,0
69,81,0,0
69,82,0,0
69,83,0,0
70,1,0,0
70,2,0,0
70,3,0,0
70,4,0,0
70,5,0,0
70,6,0,0
70,7,0,0
70,8,0,0
70,9,0,0
70,10,0,0
70,11,0,0
70,12,0,0
70,13,0,0
70,14,0,0
70,15,0,0
70,16,0,0
70,17,0,0
70,18,0,0
70,19,0,0
70,20,0,0
70,21,0,0
70,22,0,0
70,23,0,0
70,24,0,0
70,25,0,0
70,26,0,0
70,27,0,0
70,28,0,0
70,29,0,0
70,30,0,0
70,31,0,0
70,32,0,0
70,33,0,0
70,34,0,0
70,35,0,0
70,36,0,0
70,37,0,0
70,38,0,0
70,39,0,0
70,40,0,0
70,41,0,0
70,42,0,0
70,43,0,0
70,44,0,0
70,45,0,0
70,46,0,0
70,47,0,0
70,48,0,0
70,49,0,0
70,50,0,0
70,51,0,0
70,52,0,0
70,53,0,0
70,54,0,0
70,55,0,0
70,56,0,0
70,57,0,0
70,58,0,0
70,59,0,0
70,60,0,0
70,61,0,0
70,62,0,0
70,63,0,0
70,64,0,0
70,65,0,0
70,66,0,0
70,67,0,0
70,68,0,0
70,69,0,0
70,70,0,0
70,71,0,0
70,72,0,0
70,73,0,0
70,74,0,0
70,75,0,0
70,76,0,0
70,77,0,0
70,78,0,0
70,79,0,0
70,80,0,0
70,81,0,0
70,82,0,0
70,83,0,0
71,1,0,0
71,2,0,0
71,3,0,0
71,4,0,0
71,5,0,0
71,6,0,0
71,7,0,0
71,8,0,0
71,9,0,0
71,10,0,0
71,11,0,0
71,12,0,0
71,13,0,0
71,14,0,0
71,15,0,0
71,16,0,0
71,17,0,0
71,18,0,0
71,19,0,0
71,20,0,0
71,21,0,0
71,22,0,0
71,23,0,0
71,24,0,0
71,25,0,0
71,26,0,0
71,27,0,0
71,28,0,0
71,29,0,0
71,30,0,0
71,31,0,0
71,32,0,0
71,33,0,0
71,34,0,0
71,35,0,0
71,36,0,0
71,37,0,0
71,38,0,0
71,39,0,0
71,40,0,0
71,41,0,0
71,42,0,0
71,43,0,0
71,44,0,0
71,45,0,0
71,46,0,0
71,47,0,0
71,48,0,0
71,49,0,0
71,50,0,0
71,51,0,0
71,52,0,0
71,53,0,0
71,54,0,0
71,55,0,0
71,56,0,0
71,57,0,0
71,58,0,0
71,59,0,0
71,60,0,0
71,61,0,0
71,62,0,0
71,63,0,0
71,64,0,0
71,65,0,0
71,66,0,0
71,67,0,0
71,68,0,0
71,69,0,0
71,70,0,0
71,71,0,0
71,72,0,0
71,73,0,0
71,74,0,0
71,75,0,0
71,76,0,0
71,77,0,0
71,78,0,0
71,79,0,0
71,80,0,0
71,81,0,0
71,82,0,0
71,83,0,0
72,1,0,0
72,2,0,0
72,3,0,0
72,4,0,0
72,5,0,0
72,6,0,0
72,7,0,0
72,8,0,0
72,9,0,0
72,10,0,0
72,11,0,0
72,12,0,0
72,13,0,0
72,14,0,0
72,15,0,0
72,16,0,0
72,17,0,0
72,18,0,0
72,19,0,0
72,20,0,0
72,21,0,0
72,22,0,0
72,23,0,0
72,24,0,0
72,25,0,0
72,26,0,0
72,27,0,0
72,28,0,0
72,29,0,0
72,30,0,0
72,31,0,0
72,32,0,0
72,33,0,0
72,34,0,0
72,35,0,0
72,36,0,0
72,37,0,0
72,38,0,0
72,39,0,0
72,40,0,0
72,41,0,0
72,42,0,0
72,43,0,0
72,44,0,0
72,45,0,0
72,46,0,0
72,47,0,0
72,48,0,0
72,49,0,0
72,50,0,0
72,51,0,0
72,52,0,0
72,53,0,0
72,54,0,0
72,55,0,0
72,56,0,0
72,57,0,0
72,58,0,0
72,59,0,0
72,60,0,0
72,61,0,0
72,62,0,0
72,63,0,0
72,64,0,0
72,65,0,0
72,66,0,0
72,67,0,0
72,68,0,0
72,69,0,0
72,70,0,0
72,71,0,0
72,72,0,0
72,73,0,0
72,74,0,0
72,75,0,0
72,76,0,0
72,77,0,0
72,78,0,0
72,79,0,0
72,80,0,0
72,81,0,0
72,82,0,0
72,83,0,0
73,1,0,0
73,2,0,0
73,3,0,0
73,4,0,0
73,5,0,0
73,6,0,0
73,7,0,0
73,8,0,0
73,9,0,0
73,10,0,0
73,11,0,0
73,12,0,0
73,13,0,0
73,14,0,0
73,15,0,0
73,16,0,0
73,17,0,0
73,18,0,0
73,19,0,0
73,20,0,0
73,21,0,0
73,22,0,0
73,23,0,0
73,24,0,0
73,25,0,0
73,26,0,0
73,27,0,0
73,28,0,0
73,29,0,0
73,30,0,0
73,31,0,0
73,32,0,0
73,33,0,0
73,34,0,0
73,35,0,0
73,36,0,0
73,37,0,0
73,38,0,0
73,39,0,0
73,40,0,0
73,41,0,0
73,42,0,0
73,43,0,0
73,44,0,0
73,45,0,0
73,46,0,0
73,47,0,0
73,48,0,0
73,49,0,0
73,50,0,0
73,51,0,0
73,52,0,0
73,53,0,0
73,54,0,0
73,55,0,0
73,56,0,0
73,57,0,0
73,58,0,0
73,59,0,0
73,60,0,0
73,61,0,0
73,62,0,0
73,63,0,0
73,64,0,0
73,65,0,0
73,66,0,0
73,67,0,0
73,68,0,0
73,69,0,0
73,70,0,0
73,71,0,0
73,72,0,0
73,73,0,0
73,74,0,0
73,75,0,0
73,76,0,0
73,77,0,0
73,78,0,0
73,79,0,0
73,80,0,0
73,81,0,0
73,82,0,0
73,83,0,0
74,1,0,0
74,2,0,0
74,3,0,0
74,4,0,0
74,5,0,0
74,6,0,0
74,7,0,0
74,8,0,0
74,9,0,0
74,10,0,0
74,11,0,0
74,12,0,0
74,13,0,0
74,14,0,0
74,15,0,0
74,16,0,0
74,17,0,0
74,18,0,0
74,19,0,0
74,20,0,0
74,21,0,0
74,22,0,0
74,23,0,0
74,24,0,0
74,25,0,0
74,26,0,0
74,27,0,0
74,28,0,0
74,29,0,0
74,30,0,0
74,31,0,0
74,32,0,0
74,33,0,0
74,34,0,0
74,35,0,0
74,36,0,0
74,37,0,0
74,38,0,0
74,39,0,0
74,40,0,0
74,41,0,0
74,42,0,0
74,43,0,0
74,44,0,0
74,45,0,0
74,46,0,0
74,47,0,0
74,48,0,0
74,49,0,0
74,50,0,0
74,51,0,0
74,52,0,0
74,53,0,0
74,54,0,0
74,55,0,0
74,56,0,0
74,57,0,0
74,58,0,0
74,59,0,0
74,60,0,0
74,61,0,0
74,62,0,0
74,63,0,0
74,64,0,0
74,65,0,0
74,66,0,0
74,67,0,0
74,68,0,0
74,69,0,0
74,70,0,0
74,71,0,0
74,72,0,0
74,73,0,0
74,74,0,0
74,75,0,0
74,76,0,0
74,77,0,0
74,78,0,0
74,79,0,0
74,80,0,0
74,81,0,0
74,82,0,0
74,83,0,0
75,1,0,0
75,2,0,0
75,3,0,0
75,4,0,0
75,5,0,0
75,6,0,0
75,7,0,0
75,8,0,0
75,9,0,0
75,10,0,0
75,11,0,0
75,12,0,0
75,13,0,0
75,14,0,0
75,15,0,0
75,16,0,0
75,17,0,0
75,18,0,0
75,19,0,0
75,20,0,0
75,21,0,0
75,22,0,0
75,23,0,0
75,24,0,0
75,25,0,0
75,26,0,0
75,27,0,0
75,28,0,0
75,29,0,0
75,30,0,0
75,31,0,0
75,32,0,0
75,33,0,0
75,34,0,0
75,35,0,0
75,36,0,0
75,37,0,0
75,38,0,0
75,39,0,0
75,40,0,0
75,41,0,0
75,42,0,0
75,43,0,0
75,44,0,0
75,45,0,0
75,46,0,0
75,47,0,0
75,48,0,0
75,49,0,0
75,50,0,0
75,51,0,0
75,52,0,0
75,53,0,0
75,54,0,0
75,55,0,0
75,56,0,0
75,57,0,0
75,58,0,0
75,59,0,0
75,60,0,0
75,61,0,0
75,62,0,0
75,63,0,0
75,64,0,0
75,65,0,0
75,66,0,0
75,67,0,0
75,68,0,0
75,69,0,0
75,70,0,0
75,71,0,0
75,72,0,0
75,73,0,0
75,74,0,0
75,75,0,0
75,76,0,0
75,77,0,0
75,78,0,0
75,79,0,0
75,80,0,0
75,81,0,0
75,82,0,0
75,83,0,0
76,1,0,0
76,2,0,0
76,3,0,0
76,4,0,0
76,5,0,0
76,6,0,0
76,7,0,0
76,8,0,0
76,9,0,0
76,10,0,0
76,11,0,0
76,12,0,0
76,13,0,0
76,14,0,0
76,15,0,0
76,16,0,0
76,17,0,0
76,18,0,0
76,19,0,0
76,20,0,0
76,21,0,0
76,22,0,0
76,23,0,0
76,24,0,0
76,25,0,0
76,26,0,0
76,27,0,0
76,28,0,0
76,29,0,0
76,30,0,0
76,31,0,0
76,32,0,0
76,33,0,0
76,34,0,0
76,35,0,0
76,36,0,0
76,37,0,0
76,38,0,0
76,39,0,0
76,40,0,0
76,41,0,0
76,42,0,0
76,43,0,0
76,44,0,0
76,45,0,0
76,46,0,0
76,47,0,0
76,48,0,0
76,49,0,0
76,50,0,0
76,51,0,0
76,52,0,0
76,53,0,0
76,54,0,0
76,55,0,0
76,56,0,0
76,57,0,0
76,58,0,0
76,59,0,0
76,60,0,0
76,61,0,0
76,62,0,0
76,63,0,0
76,64,0,0
76,65,0,0
76,66,0,0
76,67,0,0
76,68,0,0
76,69,0,0
76,70,0,0
76,71,0,0
76,72,0,0
76,73,0,0
76,74,0,0
76,75,0,0
76,76,0,0
76,77,0,0
76,78,0,0
76,79,0,0
76,80,0,0
76,81,0,0
76,82,0,0
76,83,0,0
77,1,0,0
77,2,0,0
77,3,0,0
77,4,0,0
77,5,0,0
77,6,0,0
77,7,0,0
77,8,0,0
77,9,0,0
77,10,0,0
77,11,0,0
77,12,0,0
77,13,0,0
77,14,0,0
77,15,0,0
77,16,0,0
77,17,0,0
77,18,0,0
77,19,0,0
77,20,0,0
77,21,0,0
77,22,0,0
77,23,0,0
77,24,0,0
77,25,0,0
77,26,0,0
77,27,0,0
77,28,0,0
77,29,0,0
77,30,0,0
77,31,0,0
77,32,0,0
77,33,0,0
77,34,0,0
77,35,0,0
77,36,0,0
77,37,0,0
77,38,0,0
77,39,0,0
77,40,0,0
77,41,0,0
77,42,0,0
77,43,0,0
77,44,0,0
77,45,0,0
77,46,0,0
77,47,0,0
77,48,0,0
77,49,0,0
77,50,0,0
77,51,0,0
77,52,0,0
77,53,0,0
77,54,0,0
77,55,0,0
77,56,0,0
77,57,0,0
77,58,0,0
77,59,0,0
77,60,0,0
77,61,0,0
77,62,0,0
77,63,0,0
77,64,0,0
77,65,0,0
77,66,0,0
77,67,0,0
77,68,0,0
77,69,0,0
77,70,0,0
77,71,0,0
77,72,0,0
77,73,0,0
77,74,0,0
77,75,0,0
77,76,0,0
77,77,0,0
77,78,0,0
77,79,0,0
77,80,0,0
77,81,0,0
77,82,0,0
77,83,0,0
78,1,0,0
78,2,0,0
78,3,0,0
78,4,0,0
78,5,0,0
78,6,0,0
78,7,0,0
78,8,0,0
78,9,0,0
78,10,0,0
78,11,0,0
78,12,0,0
78,13,0,0
78,14,0,0
78,15,0,0
78,16,0,0
78,17,0,0
78,18,0,0
78,19,0,0
78,20,0,0
78,21,0,0
78,22,0,0
78,23,0,0
78,24,0,0
78,25,0,0
78,26,0,0
78,27,0,0
78,28,0,0
78,29,0,0
78,30,0,0
78,31,0,0
78,32,0,0
78,33,0,0
78,34,0,0
78,35,0,0
78,36,0,0
78,37,0,0
78,38,0,0
78,39,0,0
78,40,0,0
78,41,0,0
78,42,0,0
78,43,0,0
78,44,0,0
78,45,0,0
78,46,0,0
78,47,0,0
78,48,0,0
78,49,0,0
78,50,0,0
78,51,0,0
78,52,0,0
78,53,0,0
78,54,0,0
78,55,0,0
78,56,0,0
78,57,0,0
78,58,0,0
78,59,0,0
78,60,0,0
78,61,0,0
78,62,0,0
78,63,0,0
78,64,0,0
78,65,0,0
78,66,0,0
78,67,0,0
78,68,0,0
78,69,0,0
78,70,0,0
78,71,0,0
78,72,0,0
78,73,0,0
78,74,0,0
78,75,0,0
78,76,0,0
78,77,0,0
78,78,0,0
78,79,0,0
78,80,0,0
78,81,0,0
78,82,0,0
78,83,0,0
79,1,0,0
79,2,0,0
79,3,0,0
79,4,0,0
79,5,0,0
79,6,0,0
79,7,0,0
79,8,0,0
79,9,0,0
79,10,0,0
79,11,0,0
79,12,0,0
79,13,0,0
79,14,0,0
79,15,0,0
79,16,0,0
79,17,0,0
79,18,0,0
79,19,0,0
79,20,0,0
79,21,0,0
79,22,0,0
79,23,0,0
79,24,0,0
79,25,0,0
79,26,0,0
79,27,0,0
79,28,0,0
79,29,0,0
79,30,0,0
79,31,0,0
79,32,0,0
79,33,0,0
79,34,0,0
79,35,0,0
79,36,0,0
79,37,0,0
79,38,0,0
79,39,0,0
79,40,0,0
79,41,0,0
79,42,0,0
79,43,0,0
79,44,0,0
79,45,0,0
79,46,0,0
79,47,0,0
79,48,0,0
79,49,0,0
79,50,0,0
79,51,0,0
79,52,0,0
79,53,0,0
79,54,0,0
79,55,0,0
79,56,0,0
79,57,0,0
79,58,0,0
79,59,0,0
79,60,0,0
79,61,0,0
79,62,0,0
79,63,0,0
79,64,0,0
79,65,0,0
79,66,0,0
79,67,0,0
79,68,0,0
79,69,0,0
79,70,0,0
79,71,0,0
79,72,0,0
79,73,0,0
79,74,0,0
79,75,0,0
79,76,0,0
79,77,0,0
79,78,0,0
79,79,0,0
79,80,0,0
79,81,0,0
79,82,0,0
79,83,0,0
80,1,1.13659,0.7994
80,2,0,0
80,3,0,0
80,4,0,0
80,5,0,0
80,6,0.79582,0.14713
80,7,0.33215,0.05024
80,8,1.05215,0.24072
80,9,1.24057,0.11383
80,10,0,0
80,11,0,0
80,12,0,0
80,13,0,0
80,14,2.77086,3.68074
80,15,0.6086,0.21495
80,16,1.04168,0.34738
80,17,0.43073,0.05366
80,18,0,0
80,19,0,0
80,20,0,0
80,21,0,0
80,22,3.41463,2.9572
80,23,0,0
80,24,0,0
80,25,0,0
80,26,0,0
80,27,0,0
80,28,0,0
80,29,0,0
80,30,0,0
80,31,0,0
80,32,0,0
80,33,0,0
80,34,0,0
80,35,0.63872,0.17236
80,36,0,0
80,37,0,0
80,38,0,0
80,39,0,0
80,40,0,0
80,41,0,0
80,42,0,0
80,43,0,0
80,44,0,0
80,45,0,0
80,46,0,0
80,47,0,0
80,48,0,0
80,49,0,0
80,50,0,0
80,51,0,0
80,52,0.2915,0.21273
80,53,0.75816,0.34206
80,54,0,0
80,55,0,0
80,56,0,0
80,57,0,0
80,58,0,0
80,59,0,0
80,60,0,0
80,61,0,0
80,62,0,0
80,63,0,0
80,64,0,0
80,65,0,0
80,66,0,0
80,67,0,0
80,68,0,0
80,69,0,0
80,70,0,0
80,71,0,0
80,72,0,0
80,73,0,0
80,74,0,0
80,75,0,0
80,76,0,0
80,77,0,0
80,78,0,0
80,79,0,0
80,80,0.47441,0.42328
80,81,0,0
80,82,0,0
80,83,0,0
81,1,0.67366,0.1382
81,2,0,0
81,3,0,0
81,4,0,0
81,5,1.52835,10.50434
81,6,1.39034,0.5829
81,7,0.98233,0.15881
81,8,1.55007,0.63691
81,9,1.46952,0.22617
81,10,0,0
81,11,0,0
81,12,0,0
81,13,0,0
81,14,0,0
81,15,0,0
81,16,0.99485,0.30343
81,17,0.84619,0.16204
81,18,0,0
81,19,0,0
81,20,0,0
81,21,0,0
81,22,0,0
81,23,0,0
81,24,0,0
81,25,0,0
81,26,0,0
81,27,0,0
81,28,0,0
81,29,0,0
81,30,0,0
81,31,0,0
81,32,0,0
81,33,0,0
81,34,0,0
81,35,0.87442,0.29684
81,36,0,0
81,37,0,0
81,38,0,0
81,39,0,0
81,40,0,0
81,41,0,0
81,42,0,0
81,43,0,0
81,44,0,0
81,45,0,0
81,46,0,0
81,47,0,0
81,48,0,0
81,49,0,0
81,50,0,0
81,51,0,0
81,52,0,0
81,53,0.90201,0.43003
81,54,0,0
81,55,0,0
81,56,0,0
81,57,0,0
81,58,0,0
81,59,0,0
81,60,0,0
81,61,0,0
81,62,0,0
81,63,0,0
81,64,0,0
81,65,0,0
81,66,0,0
81,67,0,0
81,68,0,0
81,69,0,0
81,70,0,0
81,71,0,0
81,72,0,0
81,73,0,0
81,74,0,0
81,75,0,0
81,76,0,0
81,77,0,0
81,78,0,0
81,79,0,0
81,80,0,0
81,81,1.19168,9.53513
81,82,0,0
81,83,0,0
82,1,1.52268,0.8401
82,2,0,0
82,3,1.00181,1.28506
82,4,0,0
82,5,0.9112,1.13816
82,6,1.52559,0.40466
82,7,1.31739,0.33579
82,8,1.76321,0.78251
82,9,3.2889,8.36856
82,10,0,0
82,11,0,0
82,12,0,0
82,13,0,0
82,14,0,0
82,15,4.5168,5.0332
82,16,1.02752,0.17515
82,17,1.09412,0.16481
82,18,0,0
82,19,0,0
82,20,0,0
82,21,0,0
82,22,0,0
82,23,1.5,1
82,24,1.86076,1.02911
82,25,0,0
82,26,0,0
82,27,0,0
82,28,0,0
82,29,0,0
82,30,1.5,1
82,31,0,0
82,32,0,0
82,33,0,0
82,34,2,0.1112
82,35,0.86555,0.14823
82,36,0,0
82,37,0,0
82,38,0,0
82,39,0,0
82,40,0,0
82,41,1.5,1
82,42,2,5
82,43,0,0
82,44,0,0
82,45,0,0
82,46,0,0
82,47,0,0
82,48,0,0
82,49,0,0
82,50,0,0
82,51,0,0
82,52,1.00256,0.80904
82,53,0.98347,0.26743
82,54,0,0
82,55,0,0
82,56,0,0
82,57,0,0
82,58,0,0
82,59,0,0
82,60,0,0
82,61,0,0
82,62,0,0
82,63,0,0
82,64,0,0
82,65,0,0
82,66,0,0
82,67,0,0
82,68,0,0
82,69,0,0
82,70,0,0
82,71,0,0
82,72,0,0
82,73,0,0
82,74,0,0
82,75,0,0
82,76,0,0
82,77,0,0
82,78,0,0
82,79,0,0
82,80,0,0
82,81,0,0
82,82,1.88176,2.36234
82,83,0,0
83,1,1.6799,1.39746
83,2,0,0
83,3,0.34014,0.69532
83,4,0,0
83,5,0,0
83,6,1.53402,0.57618
83,7,1.14388,0.15274
83,8,1.5533,0.33304
83,9,2.3554,1.03532
83,10,0,0
83,11,0,0
83,12,0,0
83,13,0,0
83,14,0,0
83,15,0,0
83,16,1.46688,0.621
83,17,1.27297,0.32687
83,18,0,0
83,19,0,0
83,20,0,0
83,21,0,0
83,22,0,0
83,23,0,0
83,24,0,0
83,25,0,0
83,26,0,0
83,27,0,0
83,28,0,0
83,29,0,0
83,30,0,0
83,31,0,0
83,32,0,0
83,33,0,0
83,34,1.34475,0.65121
83,35,1.14623,0.38117
83,36,0,0
83,37,0,0
83,38,0,0
83,39,0,0
83,40,0,0
83,41,0,0
83,42,0,0
83,43,0,0
83,44,0,0
83,45,0,0
83,46,0,0
83,47,0,0
83,48,0,0
83,49,0,0
83,50,0,0
83,51,0,0
83,52,0,0
83,53,1.30217,0.86238
83,54,0,0
83,55,0,0
83,56,0,0
83,57,0,0
83,58,0,0
83,59,0,0
83,60,0,0
83,61,0,0
83,62,0,0
83,63,0,0
83,64,0,0
83,65,0,0
83,66,0,0
83,67,0,0
83,68,0,0
83,69,0,0
83,70,0,0
83,71,0,0
83,72,0,0
83,73,0,0
83,74,0,0
83,75,0,0
83,76,0,0
83,77,0,0
83,78,0,0
83,79,0,0
83,80,0,0
83,81,0,0
83,82,0,0
83,83,1.07406,1.16821
